:020000040800F2
:1000000080B10024A503000829AC0008CF9800089F
:1000100025AC00081311000841F2000800000000A0
:10002000000000000000000000000000E5020008E1
:1000300041200008000000004103000839B7000813
:10004000BF030008BF030008BF030008BF03000888
:10005000BF030008BF030008BF030008BF03000878
:10006000BF030008BF030008BF03000861180008B1
:100070007118000881180008BF030008BF030008BA
:10008000BF030008BF030008BF03000805220008E3
:1000900075220008BF030008BF030008BF03000863
:1000A000BF030008BF030008BF030008BF03000828
:1000B00009B90008BF030008BF030008BF03000818
:1000C000BF030008BF030008BF030008BF03000808
:1000D000B9B5000855C90008BF030008BF030008F0
:1000E000BF030008BF03000800000000BF030008B2
:1000F000BF030008BF030008BF030008BF030008D8
:10010000BF030008BF030008BF030008BF030008C7
:10011000BF030008BF030008BF030008BF030008B7
:10012000BF030008BF030008BF030008BF030008A7
:10013000BF030008BF030008BF030008BF03000897
:1001400000000000000000000000000000000000AF
:10015000BF030008BF030008BF030008BF03000877
:10016000BF030008BF030008BF030008BF03000867
:10017000BF03000835AC0008BF0300080000000002
:10018000BF030008BF030008BF030008BF03000847
:10019000BF030008BF030008BF030008BF03000837
:1001A000BF030008BF030008BF03000800000000F1
:1001B000BF030008BF030008BF030008BF03000817
:1001C000BF030008BF03000800000000000000009B
:1001D0000000000000000000BF0300080000000055
:1001E000000000000000000000000000000000000F
:1001F0000000000000000000BF030008BF0300086B
:10020000BF030008BF03000800000000BF03000890
:10021000BF030008BF030008BF030008BF030008B6
:10022000BF03000800000000BF030008000000003A
:10023000BF030008BF03000800000000BF03000860
:10024000BF030008BF030008BF030008BF03000886
:10025000BF030008BF030008BF030008BF03000876
:10026000BF030008BF030008BF030008BF03000866
:10027000BF030008BF030008BF0300080000000020
:10028000BF030008BF030008BF030008BF03000846
:1002900000000000BF030008BF03000800000000CA
:1002A00000000000BF030008BF030008BF030008F0
:1002B000BF030008BF030008BF0300088522000831
:1002C000BF030008BF030008BF030008DFF810D019
:1002D00000F0EEF800480047210A0108AFF3008063
:1002E00080B100242C4B19680868B0E8F04F80F307
:1002F0000988BFF36F8F4FF0000080F311887047BB
:100300000000000008480068006880F308884FF08B
:10031000000080F3148862B661B6BFF34F8FBFF35D
:100320006F8F00DF00BF00BF08ED00E0DFF80C00BA
:10033000016841F470010160704700BF88ED00E082
:10034000EFF30980BFF36F8F134B1A681EF0100F85
:1003500008BF20ED108A20E9F04F106009B44FF07B
:10036000500080F31188BFF34F8FBFF36F8F12F0EF
:10037000F9F94FF0000080F3118809BC196808688A
:10038000B0E8F04F1EF0100F08BFB0EC108A80F3F9
:100390000988BFF36F8F7047AC000024EFF305802E
:1003A000704700000648804706480047FEE7FEE722
:1003B000FEE7FEE7FEE7FEE7FEE7FEE7FEE7FEE715
:1003C00029B80008CD0200082DE9F05F054600209D
:1003D00092469B4688460646814640241BE02846B6
:1003E00041464746224600F053F853465A46C01A43
:1003F000914110D311461846224600F016F82D1AE6
:1004000067EB01084F4622460120002100F00DF85D
:1004100017EB00094E41201EA4F10104DFDC484621
:1004200031462A464346BDE8F09F202A04DB203AA5
:1004300000FA02F1002070479140C2F1200320FA37
:1004400003F319439040704740EA01039B0703D030
:1004500009E008C9121F08C0042AFAD203E011F803
:10046000013B00F8013B521EF9D27047D2B201E0C5
:1004700000F8012B491EFBD270470022F6E710B5A9
:1004800013460A4604461946FFF7F0FF204610BD02
:10049000202A04DB203A21FA02F00021704721FAD9
:1004A00002F3D040C2F12002914008431946704740
:1004B000064C074D06E0E06840F0010394E80700B1
:1004C00098471034AC42F6D3FFF704FF1837010801
:1004D0003837010870B58C1810F8015B15F0070368
:1004E00001D110F8013B2A1106D110F8012B03E0CD
:1004F00010F8016B01F8016B5B1EF9D12B0705D4D5
:100500000023521E0DD401F8013BFAE710F8013B1D
:10051000CB1A921C03E013F8015B01F8015B521E39
:10052000F9D5A142D8D3002070BD00009FED201A5C
:10053000B5EE002A00EE012A9FED1E1ABDEEC20A9A
:10054000B5EEC02AF1EE10FA10EE100AB8BF01386D
:1005500000EE100A0020B8EEC00A32EE400A9FED0D
:10056000162A20EE010ABCEEC01A11EE101A30EE67
:10057000021AB0EB512F18BF002102EE101A42F6FA
:10058000147000FE010AC0F60100B8EE422A00EB2A
:10059000810090ED011A30EE420AB7EE002A32EEE9
:1005A000402A20EE010A90ED001A02EE010A70477F
:1005B00083F9223E00000044000000C40180428014
:1005C000436070472DE9F04F8BB0B0F800B0B0F841
:1005D00002E0F34540F051810B88FD229B4540F03D
:1005E0004D814F88BB4240F04981BBF1000F436809
:1005F00000F029816FF003004C6800EB8B08CDF808
:100600001CE0002700934FF07E5906945E4620467A
:10061000BBEB060009D0B9002046FFF72EFF0020F3
:100620000130874204F10404FAD104F1040AC4F849
:100630000090751E10D0A8EB87015046FFF71DFFF4
:10064000012054460130864204F10404FAD1002D01
:1006500007F101072E46DBD1BBF1000F009BDDF84F
:100660001CE000F0F0800420CDF814B000EB8E0008
:1006700001901846ABF1010603EB8E044FEA8E029F
:100680001D1DCEF10001002308919FED800A7746E1
:10069000814600BF5B4580F0F58003FB0EF0B0EEB5
:1006A000403A09EB80010A9191ED001A0699B0EEEB
:1006B000414A01EB800009902146304606E000BF28
:1006C00091ED004A0138B0EE423A1144B5EEC04A0D
:1006D000F1EE10FA0ADDB4EEC34AB0EE442AF1EEB0
:1006E00010FAD8BFB0EE432A09E000BFB1EE442AA9
:1006F000B4EEC23AF1EE10FA01DBB0EE432A002864
:10070000DED1B5EE402AF1EE10FA00F0BB80B0EE7B
:10071000C13AB4EE423AF1EE10FA1CBFD84310EBE6
:100720000B0004D0002000BF01308642FCD1B5EEA2
:10073000401AF1EE10FA00F0A580CDE90346AEEBC9
:10074000030C0A99BCF1010F4FF07E5008600AD0EB
:100750000120294691ED002A82EE012A01308742CC
:10076000A1EC012AF6D1DDE9080100BF91ED002AD4
:1007700082EE012A0C1D013081ED002A2146F5D1BF
:10078000ACF1010B05994FF00008DDF818A04846C0
:10079000CDF80890984505D100EB8C060AEB8E0A3F
:1007A00033E000BF90ED001A0A9CB0EE413ABBF175
:1007B000000F94ED002A01EE423A00F1040680EDAC
:1007C000003A15D00120002406EB040905EB040EC5
:1007D00099ED002A9EED003A01EE432A013087424E
:1007E00004F1040489ED002AEED12644DDF81CE072
:1007F000DDE908049AED002A94ED003A01EE432A5F
:1008000004340130AAEC012AF4D106EB830001394B
:1008100008F10108BED1DDF80890013F049E09F1FE
:100820000409039C03F101030198A6F101060444A5
:10083000DDF814B005447FF42DAFB5EE401A009BEF
:10084000F1EE10FA20D10EFB0BF1002000294FF041
:1008500000020BD093ED000AB5EE400AF1EE10FA5B
:1008600004D101328A4203F10403F3D38A4208BF60
:100870006FF004000BB0BDE8F08FFD2250B20BB05A
:10088000BDE8F08FFB22F9E70022F7E70000000047
:100890002DE9F04F88B0B0F802C00B889C4540F0BD
:1008A0008880B0F800E013889E4540F08280B1F85F
:1008B0000290538899457CD14FEA9C04476804FB19
:1008C00009F049680CF00305029101EB001001905A
:1008D00000202CF00303A0EB9C0107EB830607919B
:1008E0004FEA89035168C5F1000A00919FED330A70
:1008F000CDE9039CCDE9050E0099CE4601EB8008B9
:10090000DDE901BC002CB0EE401AE146384627D0A4
:10091000624607993846B0EE401A00BF92ED002AB1
:1009200090ED003A03EE021A1A4490ED014A92ED5E
:10093000002A04EE021A1A4490ED025A92ED002A9F
:1009400005EE021A1A4490ED036A92ED002A06EEB3
:10095000021A013100F110001A44DFD1D9463046A5
:1009600055B1514690ED002A99ED003A02EE031A76
:10097000043001319944F5D108F1040088ED001AE2
:10098000BEF1010E0CF1040C0BF1040B8046B9D141
:10099000DDF80C900598DDF810C04844DDF818E04B
:1009A00007EB8C07BEF1010E06EB8C06A2D10020EE
:1009B00000E0FD2040B208B0BDE8F08F000000006C
:1009C0002DE9F04F83B002884B889A424DD144887C
:1009D0000B889C4249D10023D1F804804FEA940C43
:1009E000416804F0030ECDF80080A3EB9404029458
:1009F000140196000194CEF1000B4046BCF1000FAB
:100A00001ED04746029C00BF08683D463860374408
:100A1000486807EB0609A85101F11000D1F808A0B9
:100A2000013447F806A009EB0607C968374449F8BE
:100A300006100146E8D101996C18014603E000BF99
:100A4000009800EB8304BEF1000F07D05D4600BFA5
:100A500051F8040B013520603444F9D10133013AD7
:100A600008F10408CAD1002000E0FD2040B203B024
:100A7000BDE8F08F9FED1F1A20EE010A9FED1F2A9F
:100A8000BDEEC01AB5EEC00AF1EE10FA11EE100A72
:100A9000B8BF013801EE100A0020B8EEC11A30EEDE
:100AA000410A9FED151A20EE010ABCEEC01A11EEA4
:100AB000101A30EE021AB0EB512F18BF002102EECF
:100AC000101A42F6147000FE010AC0F60100B8EEDA
:100AD000422A00EB810090ED011A30EE420AB7EE97
:100AE000002A32EE402A20EE010A90ED001A02EEB2
:100AF000010A704783F9223E00000044000000C450
:100B000010B501221146024804F0AAFB10BD0000F6
:100B10000008025810B500220121024804F0A0FB91
:100B200010BD00000008025810B50122082102483B
:100B300004F096FB10BD00000008025810B500221A
:100B40000821024804F08CFB10BD00000008025888
:100B500010B50446FFF7DEFF922000F011FA0622DE
:100B6000C249122000F0ECF9FFF7CAFFC048007834
:100B7000002855D0BD484078000200B2BB49097832
:100B80000843BC49088094ED0C0A0846B0F90000FF
:100B900000EE900AF8EEE00AB74890ED001A60EE19
:100BA000810A94ED081A10EE810A84ED000AAF481C
:100BB000C078000200B2AD4989780843AD49088089
:100BC00094ED0D0A0846B0F9000000EE900AF8EE28
:100BD000E00AA94890ED001A60EE810A94ED081A27
:100BE00010EE810A84ED010AA0484079000200B2AB
:100BF0009E49097908439F4908800846B0F90000DA
:100C000000EE100AB8EEC00A9B48D0ED000A20EEB4
:100C1000200AD4ED080A20EE200A84ED020A50E0F2
:100C200092484078000200B29049097808439149FF
:100C300008800846B0F9000000EE100AB8EEC00ABD
:100C40008D48D0ED000A20EE200AD4ED080A20EEEF
:100C5000200A84ED000A8548C078000200B283496A
:100C600089780843834908800846B0F9000000EEFF
:100C7000100AB8EEC00A8048D0ED000A20EE200A23
:100C8000D4ED080A20EE200A84ED010A7748407965
:100C9000000200B275490979084376490880084680
:100CA000B0F9000000EE100AB8EEC00A7248D0EDAC
:100CB000000A20EE200AD4ED080A20EE200A84ED76
:100CC000020AFFF73BFF08226849002000F038F9CC
:100CD000FFF72AFF654800780F284FD16448007855
:100CE000F0B36248C078000200B2604989780843D6
:100CF0006049088094ED090A0846B0F9000000EE4A
:100D0000900AF8EEE00A5D4890ED001A10EE810AB4
:100D100084ED030A55484079000200B2534909792D
:100D200008435449088094ED0A0A0846B0F90000C7
:100D300000EE900AF8EEE00A504890ED001A10EE2E
:100D4000810A84ED040A4948C079000200B247498B
:100D5000897908434749088094ED0B0A084600E06A
:100D60000DE0B0F9000000EE900AF8EEE00A43480A
:100D700090ED001A10EE810A84ED050A44E03B482C
:100D8000C078000200B2394989780843394908809F
:100D90000846B0F9000000EE100AB8EEC00A374865
:100DA000D0ED000A20EE200A84ED030A2F48407996
:100DB000000200B22D49097908432E4908800846EF
:100DC000B0F9000000EE100AB8EEC00A2B48D0EDD2
:100DD000000A20EE200A84ED040A2448C0790002AB
:100DE00000B2224989790843224908800846B0F9AF
:100DF000000000EE100AB8EEC00A2048D0ED000A4C
:100E000020EE200A84ED050AFFF784FEA22000F000
:100E1000B7F802221549222000F092F8FFF770FE81
:100E200012480078C0001149497840EA6110114920
:100E300008800846B0F90000B0F5806F05DB084671
:100E40000088A0F5006000B208800A48B0F90000F0
:100E500000EE100AF8EEC00AB4EE001AB3EE070A6C
:100E600000EE810A84ED070A10BD00007000002426
:100E700040000024780000243000002434000024C6
:100E800070B504460D4622480460002021490870D0
:100E90000EF038FD1F49097808431E4908700EF00E
:100EA000E7FD1C49097808431A4908701DB11A4822
:100EB00000F098F928E09FED190A174880ED090A1B
:100EC0009FED170A80ED0A0A9FED160A80ED0B0AC6
:100ED0009FED150A80ED0C0A9FED140A80ED0D0AB6
:100EE0009FED130A80ED0E0A9FED120A80ED0F0AA6
:100EF00090ED0F0ADFED100A80EE801A80ED081ADF
:100F00009FED0E0A80ED060A0248007870BD0000D1
:100F10007C0000243A00002400080024F0A032BA2B
:100F2000B9F3AFBAB1EFBBBA0B6F993E2A98933DB4
:100F3000000000007A841D41C3F51C4100002042DE
:100F400070B506460C46154646F0800000F018F8CD
:100F500006E0552000F014F82070641C681EC5B22D
:100F6000002DF6D170BD70B504460D4644F08000EA
:100F700000F006F8552000F003F8287070BD00005E
:100F800001B582B04FF47A70012301AA02A9009042
:100F90000348006807F028FC9DF804000EBD00001F
:100FA0007C00002470B505460C462846FFF7E8FF94
:100FB0002046FFF7E5FF70BDD2ED020A92ED021A5E
:100FC000B6EE000A00EEC10AD2ED030A92ED031A52
:100FD00000EEC10AD0ED000A20EE200AD2ED010A8F
:100FE00092ED021A60EE810A92ED001AD2ED031A18
:100FF00041EE610A90ED011A00EE810AD2ED010A7C
:1010000092ED031A60EE810A92ED001AD2ED021AF7
:1010100041EE210A90ED021A00EE810AF0EE000A7C
:1010200020EE200A81ED000A92ED010AD2ED020ABB
:1010300020EE200AD2ED000A92ED031A00EE810A9A
:10104000D0ED000A60EE200A92ED011AD2ED011AED
:10105000B6EE000A01EE610AD2ED031A92ED032A00
:10106000B0EE401A01EEC21AD0ED011AB0EE600ADD
:1010700001EE210AD2ED020A92ED031A60EE810A16
:1010800092ED001AD2ED011A41EE610A90ED021ABA
:1010900000EE810AF0EE000A20EE200A81ED010A3E
:1010A00092ED010AD2ED030A20EE200AD2ED000AE9
:1010B00092ED021A00EEC10AD0ED000A20EE200ADD
:1010C000D2ED020A92ED031A60EE810A92ED001A47
:1010D000D2ED011A41EE210A90ED011A00EE810ACB
:1010E00092ED011AD2ED011AF6EE000A41EE610A04
:1010F00092ED021AD2ED021A41EE610A90ED021A47
:1011000000EE810AF0EE000A20EE200A81ED020ACC
:10111000704700BFFEE70346042B15D007DC7BB108
:10112000012B0ED0022B0DD0032B12D10BE0202B64
:101130000BD0212B0AD0222B09D0232B09D107E079
:1011400008E007E006E005E004E003E002E001E07B
:1011500000E000BF00BF0020704700207047000083
:1011600010B50022044905480BF0A3FE04490348CA
:101170000BF090FE002010BD50980024748B0024CA
:101180005090002470B504460D46214603480BF0EC
:1011900081FE02480BF04AFE002070BD748B0024D3
:1011A00010B503460C460021084610BD2DE9F0415C
:1011B00004460D4600260A48D0F8BC72D7F814023F
:1011C00010B10120BDE8F0812A46214604480BF009
:1011D00070FE03480BF020FF06463046F2E70000A1
:1011E000748B002470B52DED048B88B0044600206C
:1011F0000690079000F05EFEFE4880ED000A00BFFA
:1012000000F058FEFB48D0ED000A30EE600AF2EE26
:10121000040AB4EEE00AF1EE10FA14DD9FEDF60ACE
:1012200084ED090A9FEDF50A84ED0A0A9FEDF40AA0
:1012300084ED0B0A9FEDF30A84ED0F0A9FEDF20A8D
:1012400084ED060A5FE29FEDF10A00F0EFFD9FEDED
:10125000F00A84ED0F0A9FEDEE0A84ED090A9FED76
:10126000EC0A84ED0A0A9FEDEA0A84ED0B0A0026D7
:1012700073E1FFF74FFC9220FFF782FE062206A9DA
:101280001220FFF75DFEFFF73BFC9DF819000002FE
:1012900000B29DF8181040EA010500EE105AB8EEB1
:1012A000C00ADC48D0ED000A20EE200A84ED000AD6
:1012B0009DF81B00000200B29DF81A1040EA0105DB
:1012C00000EE105AB8EEC00AD248D0ED000A20EE67
:1012D000200A84ED010A9DF81D00000200B29DF86D
:1012E0001C1040EA010500EE105AB8EEC00AC948C9
:1012F000D0ED000A20EE200A84ED020AD4ED000AA7
:1013000060EEA00A94ED011AD4ED011A41EE210A13
:1013100094ED021AD4ED021A41EE210AB0EE600AF1
:101320000EF0A7FAB0EE408A94ED0F0A30EE080AEC
:1013300084ED0F0AFFF702FC082206A90020FFF740
:10134000FFFDFFF7F1FB9DF818000F2850D19DF825
:101350001B00000200B29DF81A1040EA010500EEE1
:10136000105AB8EEC00AAC48D0ED000A20EE200AB0
:1013700084ED030A94ED090AD4ED030A30EE200A45
:1013800084ED090A9DF81D00000200B29DF81C10B2
:1013900040EA010500EE105AB8EEC00A9E48D0EDB2
:1013A000000A20EE200A84ED040A94ED0A0AD4ED26
:1013B000040A30EE200A84ED0A0A9DF81F0000029C
:1013C00000B29DF81E1040EA010500EE105AB8EE7A
:1013D000C00A9148D0ED000A20EE200A84ED050AEB
:1013E00094ED0B0AD4ED050A30EE200A84ED0B0AC9
:1013F00006BBF0EE488AB0EE489A002017E004F1F0
:101400000C0101EB800191ED000A03A901EB8001C1
:1014100081ED000A04F10C0101EB800191ED000A5D
:10142000694601EB800181ED000A411CC8B2032826
:10143000E5DB49E0B4EEE88AF1EE10FA01DDF0EE0A
:10144000488AB4EEC98AF1EE10FA01D2B0EE489A99
:10145000002037E004F10C0101EB800191ED000A5E
:1014600003A901EB8001D1ED000AB4EEE00AF1EE30
:1014700010FA0ADD04F10C0101EB800191ED000A84
:1014800003A901EB800181ED000A04F10C0101EBDD
:10149000800191ED000A694601EB8001D1ED000A5F
:1014A000B4EEE00AF1EE10FA0AD204F10C0101EBFD
:1014B000800191ED000A694601EB800181ED000A8F
:1014C000411CC8B20328C5DB38EEC90A534880ED79
:1014D000000A002012E003A901EB800191ED000A4F
:1014E000694601EB8001D1ED000A30EE600A4C49FB
:1014F00001EB800181ED000A411CC8B20328EADB40
:10150000464890ED000AF6EE000AB4EEE00AF1EE6D
:1015100010FA1BDC424890ED000ADFED420AB4EEFF
:10152000E00AF1EE10FA11DC90ED010ADFED3D0A60
:10153000B4EEE00AF1EE10FA08DC90ED020ADFEDFD
:10154000390AB4EEE00AF1EE10FA00DD0AE09FED90
:10155000360A00F06BFC701C86B234480088864264
:10156000FFF687AE00BFD4ED0F0A3048008800EECA
:10157000100AB8EE400A80EE801A84ED0F1A00209F
:1015800015E004F1240101EB8001D1ED000A2749A7
:10159000098800EE101AB8EE400A80EE801A04F1B5
:1015A000240101EB800181ED001A411CC8B203281F
:1015B000E7DBFFF7AFFAA220FFF7E2FC022206A961
:1015C0002220FFF7BDFCFFF79BFA9DF81800C00032
:1015D0009DF8191040EA6115B5F5806F02DBA5F59D
:1015E000006005B200EE105AF8EEC00AB4EE001A20
:1015F0001EE0000068000024F0A032BAB9F3AFBAD0
:10160000B1EFBBBA7A841D41000020420AD7A33B48
:101610000000000030000024340000243C000024BE
:10162000F40700249A99193E6F12033A6C000024C3
:10163000B3EE070A00EE810A84ED060A7C480088B2
:10164000401C00B27A4908807A4890ED000AF6EE14
:10165000000AB4EEE00AF1EE10FA3FF7D1ADD4ED96
:101660000F0A9FED751A70EEC10AB0EE600A0EF017
:10167000FCFCF6EE000AB4EEE00AF1EE10FAECDC47
:101680006E4890ED000A5FED190AB4EEE00AF1EE43
:1016900010FAE2DC90ED010A5FED1E0AB4EEE00AFA
:1016A000F1EE10FAD9DC90ED020A5FED220AB4EEF9
:1016B000E00AF1EE10FAD0DCD4ED090AB0EE600ACF
:1016C0000EF0D3FCDFED5E0AB4EEE00AF1EE10FAA4
:1016D000C3DCD4ED0A0AB0EE600A0EF0C6FCDFED02
:1016E000580AB4EEE00AF1EE10FAB6DCD4ED0B0ABB
:1016F000B0EE600A0EF0B9FCDFED510AB4EEE00A7C
:10170000F1EE10FAA9DC00BF94ED0F0ADFED4D0AEF
:1017100080EE801A84ED081A002680E0FFF7FAF9BF
:101720009220FFF72DFC062206A91220FFF708FCE5
:10173000FFF7E6F99DF81900000200B29DF81810B5
:1017400040EA010500EE105AB8EEC00A3E48D0ED5E
:10175000000A20EE200AD4ED080A20EE200A84EDCB
:10176000000A94ED0C0ADFED390A20EE200AD4EDD0
:10177000000A9FED371A00EE810A84ED0C0A9DF8ED
:101780001B00000200B29DF81A1040EA010500EEAD
:10179000105AB8EEC00A2C48D0ED000A20EE200AFC
:1017A000D4ED080A20EE200A84ED010A94ED0D0A1A
:1017B000DFED260A20EE200AD4ED010A9FED241A5F
:1017C00000EE810A84ED0D0A9DF81D00000200B2B2
:1017D0009DF81C1040EA010500EE105AB8EEC00A50
:1017E0001948D0ED000A20EE200AD4ED080A20EEB8
:1017F000200A84ED020A94ED0E0ADFED140A20EEB1
:10180000200AD4ED020A9FED121A00EE810A84ED3F
:101810000E0A1FED7B0A00F009FB701C86B20D4812
:1018200000888642FFF67AAF08B0BDEC048B70BD2D
:10183000420000243C000024CDCC1C41F4070024CD
:101840000AD7233CC3F51C4130000024CDCC4C3FCB
:10185000CDCC4C3E6E00002400BF0EF0E0F9FCE75A
:1018600010B5024801F0E4FA10BD00006005002444
:1018700010B5024801F0DCFA10BD0000D8050024C4
:1018800010B5024801F0D4FA10BD00003007002462
:101890000146374A0868904249D0354A18320868EC
:1018A000904244D0324A3032086890423FD0304AA9
:1018B0004832086890423AD02D4A60320868904217
:1018C00035D02B4A78320868904230D0284A90327E
:1018D000086890422BD0264AA8320868904226D049
:1018E000244A0868904222D0224A1832086890425E
:1018F0001DD0204A30320868904218D01D4A483224
:101900000868904213D01B4A6032086890420ED09B
:10191000184A78320868904209D0164A903208680E
:10192000904204D0134AA8320868904201D10120A5
:1019300000E00020B0B10A78103A1823B2FBF3F0AF
:1019400000F007020C4B9A5CCA65032805D90A68A7
:101950006FF30902121D8A6503E00A686FF309023A
:101960008A6503E0086820F0FF008865886D70478D
:101970001000024010040240A82D010810B50268B2
:101980002B4C0368A34222D0294C14340368A34291
:101990001DD0274C28340368A34218D0244C3C3473
:1019A0000368A34213D0224C50340368A3420ED0E4
:1019B0001F4C64340368A34209D01D4C783403687B
:1019C000A34204D01A4C8C340368A34201D10123F2
:1019D00000E000238BB10378083B1424B3FBF4F13F
:1019E000144B03EB81030366124B8033436601F013
:1019F0001F040123A340836618E00378103B1824DA
:101A0000B3FBF4F10C4B9A4204D80B4BA83B9A421F
:101A100000D30831094B03EB81030366074B803386
:101A2000436601F01F040123A340836610BD00003C
:101A30000854025800580258B804024000080240F6
:101A40000179A9B3082940D8204B02689A4222D0D4
:101A50001E4B143302689A421DD01C4B2833026877
:101A60009A4218D0194B3C3302689A4213D0174B54
:101A7000503302689A420ED0144B643302689A4283
:101A800009D0124B783302689A4204D00F4B8C3342
:101A900002689A4201D1012200E000224AB14A1EA6
:101AA0000B4B03EB8202C266094A4032026708E030
:101AB0000BE04A1E074B03EB8202C266054A403226
:101AC00002674A1E01239340436770470854025837
:101AD0000059025800090240014600208A69D2B923
:101AE0008A6A32B1012A0DD0022A03D0032A10D10A
:101AF0000EE000BFCA6A02F08072B2F1807F00D1AE
:101B0000012007E0CA6AB2F1C07F00D1012001E0E4
:101B100000E000BF36E08A69B2F5005F1BD18A6A37
:101B200032B1012A07D0022A03D0032A11D10AE0D8
:101B300000BF01200EE0CA6A02F08072B2F1807F1D
:101B400000D1012006E0CA6AB2F1C07F00D10120B5
:101B500000E000BF16E08A6A32B1012A05D0022AED
:101B600004D0032A0CD103E000BF00BF012008E02D
:101B7000CA6A02F08072B2F1807F00D1012000E0D9
:101B800000BF00BF70470000F0B5856D846D984FB1
:101B90000668BE4270D0964F18370668BE426BD0BA
:101BA000934F30370668BE4266D0914F483706687B
:101BB000BE4261D08E4F60370668BE425CD08C4F0B
:101BC00078370668BE4257D0894F90370668BE42C4
:101BD00052D0874FA8370668BE424DD0854F066861
:101BE000BE4249D0834F18370668BE4244D0814F69
:101BF00030370668BE423FD07E4F48370668BE4247
:101C00003AD07C4F60370668BE4235D0794F78377E
:101C10000668BE4230D0774F90370668BE422BD060
:101C2000744FA8370668BE4226D0734F0668BE427E
:101C300022D0714F14370668BE421DD06E4F283730
:101C40000668BE4218D06C4F3C370668BE4213D0BF
:101C5000694F50370668BE420ED0674F643706683A
:101C6000BE4209D0644F78370668BE4204D0624F46
:101C70008C370668BE4201D1012600E000263EB145
:101C8000D0E919767E60C66E16B1D0E91C767E600A
:101C9000574F0668BE4249D0554F18370668BE42B6
:101CA00044D0534F30370668BE423FD0504F48377C
:101CB0000668BE423AD04E4F60370668BE4235D005
:101CC0004B4F78370668BE4230D0494F9037066890
:101CD000BE422BD0464FA8370668BE4226D0454F9D
:101CE0000668BE4222D0434F18370668BE421DD058
:101CF000404F30370668BE4218D03E4F483706681E
:101D0000BE4213D03B4F60370668BE420ED0394FFB
:101D100078370668BE4209D0364F90370668BE4213
:101D200004D0344FA8370668BE4201D1012600E036
:101D30000026DEB190F85C6006F01F073F26BE402B
:101D4000AE600668366826F4802607683E6006683E
:101D500073608668402E04D10668B2600668F16040
:101D600044E00668B1600668F2603FE0224F066812
:101D7000BE4222D0204F14370668BE421DD01E4FEF
:101D800028370668BE4218D01B4F3C370668BE4253
:101D900013D0194F50370668BE420ED0164F643725
:101DA0000668BE4209D0144F78370668BE4204D098
:101DB000114F8C370668BE4201D1012600E0002693
:101DC000A6B190F85C6006F01F070126BE40666071
:101DD000066873608668402E04D10668B2600668A3
:101DE000F16003E00668B1600668F260F0BD0000D3
:101DF00010000240100402400854025808B5084878
:101E000040680090074900980968884204D2064853
:101E10000068401C0449086002490098086008BD39
:101E2000001000E0C0010024BC0100240C494868F7
:101E3000F0EE400A00BF0A494968091A01EE101A7B
:101E4000F8EE411A074991ED001AB8EE411A20EE5A
:101E5000811AF4EEC11AF1EE10FAECD370470000CB
:101E6000001000E0B001002410B52DED028B82B00F
:101E700004460E484068019020680199081A00EE57
:101E8000100AF8EE400A0A4890ED000AB8EE400A3F
:101E900080EE801AB0EE418A01982060FFF7AEFF15
:101EA000B0EE480A02B0BDEC028B10BD001000E09D
:101EB000B001002410B52DED028B00F059F80F4849
:101EC00090ED000AB8EE400A808800EE900AF8EE25
:101ED000600A9FED0B1A00EE810A0848C08800EEE8
:101EE000900AF8EE600A9FED071A00EE810AB0EE44
:101EF000408AB0EE480ABDEC028B10BDA801002458
:101F00006F12833ABD3786351249096841F08071F6
:101F1000104A11600021104A51601146096841F0D1
:101F2000010111600D4941430D4A116011460968D4
:101F30004FF47A72B1FBF2F10A4A1160084909685C
:101F4000064AB1FBF2F1084A11600021074A11600C
:101F500070470000FCED00E0001000E040420F0080
:101F6000B0010024B4010024B8010024BC01002405
:101F700038B5294840680090FFF740FF27480068BF
:101F80004FF0FF31A0FB01310098181841F100011A
:101F9000234A03C2234800232149026803C9FEF7EC
:101FA00013FA214A03C220480CC81E4800680024C6
:101FB000A2FB001503FB005002FB04021848D0E905
:101FC0000030591A60EB0200184AC2E900101648A6
:101FD000006817490860174800231449026803C9BC
:101FE000FEF7F2F91249888008468088114909688D
:101FF00041430E48D0E90030591A60F100000E4A02
:10200000C2E900100D4800230B49026803C9FEF71E
:10201000DBF90749C88038BD001000E0BC0100248E
:10202000C8010024B0010024D0010024D8010024FC
:10203000A8010024B4010024E0010024B801002418
:102040007047D2ED020A92ED021AB6EE000A00EED7
:10205000C10AD2ED030A92ED031A00EEC10AD0EDD7
:10206000000A20EE200AD2ED010A92ED021A60EE7B
:10207000810A92ED001AD2ED031A41EE210A90ED89
:10208000011A00EE810AD2ED010A92ED031A60EE08
:10209000810A92ED001AD2ED021A41EE610A90ED2A
:1020A000021A00EE810AF0EE000A20EE200A81ED0D
:1020B000000A92ED010AD2ED020A20EE200AD2EDCA
:1020C000000A92ED031A00EEC10AD0ED000A60EE9C
:1020D000200A92ED011AD2ED011AB6EE000A01EEC5
:1020E000610AD2ED031A92ED032AB0EE401A01EE16
:1020F000C21AD0ED011AB0EE600A01EE210AD2ED4B
:10210000020A92ED031A60EE810A92ED001AD2EDF6
:10211000011A41EE210A90ED021A00EE810AF0EE5A
:10212000000A20EE200A81ED010A92ED010AD2EDAB
:10213000030A20EE200AD2ED000A92ED021A00EE08
:10214000810AD0ED000A20EE200AD2ED020A92EDBB
:10215000031A60EE810A92ED001AD2ED011A41EEE7
:10216000610A90ED011A00EE810A92ED011AD2ED9A
:10217000011AF6EE000A41EE610A92ED021AD2ED62
:10218000021A41EE610A90ED021A00EE810AF0EEA9
:10219000000A20EE200A81ED020A704772B600BFE5
:1021A000FEE7000000B589B00020019002900220F7
:1021B00003900120049000200590069001A910488A
:1021C00002F0DDF808B1FFF7E9FF00200346022224
:1021D000114600900A4802F026F908B1FFF7DEFF29
:1021E00000220121064802F02DF808B1FFF7D6FFC2
:1021F000034802F019FF08B1FFF7D0FF09B000BD96
:10220000F802002410B5024802F026FA10BD0000C2
:10221000F802002400B589B000200190012002904E
:1022200002200390049000200590069001A9104818
:1022300002F0A5F808B1FFF7B1FF00200346022223
:10224000114600900A4802F0EEF808B1FFF7A6FF29
:1022500000221021064801F0F5FF08B1FFF79EFFAC
:10226000034802F0E1FE08B1FFF798FF09B000BD96
:102270009803002410B5024802F0EEF910BD0000EA
:102280009803002410B5024802F0E6F910BD0000E2
:102290003804002410B501464A6B0868D0F8840061
:1022A0004FF6FC74A04340EA82000C68C4F8840036
:1022B0000868D0F8840020F47F04088F44EA0040C6
:1022C0000C68C4F88400886B02440868D0F8880061
:1022D0004FF6FC74A04340EA82000C68C4F8880002
:1022E0000868D0F8880020F4FE04888F44EA004093
:1022F0000C68C4F88800C86B02EB40020868D0F88C
:10230000A0004FF6FC74A04340EA82000C68C4F8B9
:10231000A0000868D0F8A00020F4FE044020405A35
:1023200044EA00400C68C4F8A000D1E9104004FB66
:1023300000220868D0F8B0004FF6FC74A04340EAD1
:1023400082000C68C4F8B0000868D0F8B00020F42F
:10235000FE04B1F8480044EA00400C68C4F8B0003C
:10236000D1E9124004FB00220868D0F8AC004FF617
:10237000FC74A04340EA82000C68C4F8AC00D1E9C8
:10238000144004FB00220868D0F8F0004FF6FC74FB
:10239000A04340EA82000C68C4F8F0000868D0F856
:1023A000F00020F47C14B1F8580044EA00400C68B6
:1023B000C4F8F000886D02EB40020868D0F8C00055
:1023C0004FF6FC74A04340EA82000C68C4F8C000D9
:1023D0000868D0F8C00020F47C14B1F85C0044EA2E
:1023E00000400C68C4F8C0000868D0F8C00020F0B5
:1023F0007C5491F8600044EA00600C68C4F8C000A6
:102400002A4C486B04EB8000C866CC6E886B04EBEA
:1024100080040C670C6FC86B04EBC0044C67D1E9F7
:10242000100460434C6F04EB80048C67D1E9120404
:1024300060438C6F04EB8004CC67D1E914046043E3
:10244000CC6F04EB8004802044504458886D04EB2A
:10245000C004842044508C6EC86D6043842464584A
:1024600004EB8004882044508C6E086E60438824FE
:10247000645804EB80049020445040580C4CA04217
:1024800009D99831486840F020004860032001F8DD
:102490009809012010BDCB6E02E0002018601B1DC2
:1024A000902040589842F8D80020F3E700AC004054
:1024B000FCD300402DE9F041054614461E46D1F8F4
:1024C00004C0BCF1000F0AD1D1F810C0D1F80880C7
:1024D0004CEA080CB1F800804CEA88430BE0D1F8D4
:1024E00010C04CF0804CD1F808804CEA080CD1F8B0
:1024F00000804CEA080391F82080D1F81CC04CEA17
:10250000086CD1F818804CEA080CD1F814804CEA19
:10251000080CD1F80C804CEA0807D5F868C00CFB11
:1025200006FCD5F8848008EB8C021360121D17603E
:10253000121D002019E000F1030C14F80CC04FEA42
:102540000C6800F1020C14F80CC048EA0C4800F1C9
:10255000010C14F80CC048EA0C2C14F800804CEA6A
:10256000080CC2F800C0121D001DDFF81880D1F859
:102570000CC008EB1C4C9CF800C08445DBD8BDE8BF
:10258000F0810000B02D010870B50A480468001DF4
:102590000568001D0668344454B1082206492046E7
:1025A00007F064FB042204491031284607F05EFB63
:1025B00070BD000000E8F11F2E0200242DE9F0415B
:1025C000044602F053FE804614B90120BDE8F081B4
:1025D00094F83500022808D08020606500BF0020F4
:1025E00084F8340000BF0120F0E7FE4920688842EB
:1025F00049D0FC4918312068884244D0F94930312B
:10260000206888423FD0F7494831206888423AD054
:10261000F44960312068884235D0F2497831206829
:10262000884230D0EF499031206888422BD0ED4964
:10263000A8312068884226D0EB492068884222D001
:10264000E9491831206888421DD0E74930312068B7
:10265000884218D0E44948312068884213D0E249C2
:102660006031206888420ED0DF4978312068884286
:1026700009D0DD4990312068884204D0DA49A83178
:102680002068884201D1012000E0002068B1206864
:10269000006820F01E00216808602068406920F072
:1026A000800021684861256806E02068006820F005
:1026B0000E00216808602568CA492068884270D0E9
:1026C000C8491831206888426BD0C649303120682B
:1026D000884266D0C34948312068884261D0C149E8
:1026E0006031206888425CD0BE49783120688842D9
:1026F00057D0BC4990312068884252D0B949A8319E
:10270000206888424DD0B8492068884249D0B649EF
:1027100018312068884244D0B3493031206888425B
:102720003FD0B1494831206888423AD0AE49603143
:102730002068884235D0AC4978312068884230D052
:10274000A9499031206888422BD0A749A831206838
:10275000884226D0A5492068884222D0A349143156
:10276000206888421DD0A14928312068884218D0AD
:102770009E493C312068884213D09C4950312068E2
:1027800088420ED0994964312068884209D097491F
:1027900078312068884204D094498C31206888427E
:1027A00001D1012000E0002028B1206E006820F453
:1027B0008070216E08608B492068884249D0894921
:1027C00018312068884244D08649303120688842D8
:1027D0003FD084494831206888423AD081496031ED
:1027E0002068884235D07F4978312068884230D0CF
:1027F0007C499031206888422BD07A49A8312068E2
:10280000884226D078492068884222D076491831FB
:10281000206888421DD0744930312068884218D021
:10282000714948312068884213D06F49603120686F
:1028300088420ED06C4978312068884209D06A49B4
:1028400090312068884204D06749A83120688842C6
:1028500006D12068006820F001002168086005E0CA
:102860002068006820F001002168086011E002F093
:10287000FDFCA0EB080005280BD920206065032093
:1028800084F8350000BF002084F8340000BF012028
:102890009CE6286800F001000028E8D15149206832
:1028A000884249D04F4918312068884244D04D4968
:1028B0003031206888423FD04A49483120688842F8
:1028C0003AD0484960312068884235D0454978314E
:1028D0002068884230D043499031206888422BD00C
:1028E0004049A8312068884226D03F492068884264
:1028F00022D03D491831206888421DD03A493031F4
:102900002068884218D0384948312068884213D05E
:1029100035496031206888420ED0334978312068CB
:10292000884209D0304990312068884204D02E492D
:10293000A8312068884201D1012000E0002040B188
:10294000A66D94F85C0000F01F013F208840B06045
:1029500007E0A76D94F85C0000F01F01012088409B
:10296000786020492068884276D01E491831206856
:10297000884271D01B493031206888426CD0194997
:1029800048312068884267D0164960312068884203
:1029900062D014497831206888425DD01149903165
:1029A0002068884258D00F49A8312068884253D007
:1029B0000D49206888424FD00B4918312068884261
:1029C0004AD0094930312068884245D0064948310B
:1029D0002068884240D004496031206888423BD05A
:1029E000014905E01000024010040240085402585A
:1029F0007831206888422FD02549206888422BD022
:102A0000234918312068884226D02249206888420C
:102A100022D020491431206888421DD01D49283118
:102A20002068884218D01B493C312068884213D066
:102A300018495031206888420ED016496431206808
:102A4000884209D0134978312068884204D011495E
:102A50008C312068884201D1012000E0002068B15B
:102A6000D4E919104860E06E40B1E06E006820F4CF
:102A70008070E16E0860D4E91C104860012084F881
:102A8000350000BF002084F8340000BF00BF9DE582
:102A9000A00402400854025870B504460CB9012045
:102AA00070BD94F83500022803D0802060650120B5
:102AB000F6E7DC492068884249D0DA4918312068B5
:102AC000884244D0D7493031206888423FD0D54928
:102AD0004831206888423AD0D24960312068884223
:102AE00035D0D04978312068884230D0CD499031F6
:102AF000206888422BD0CB49A8312068884226D054
:102B0000C9492068884222D0C749183120688842C4
:102B10001DD0C54930312068884218D0C24948319B
:102B20002068884213D0C0496031206888420ED0A6
:102B3000BD4978312068884209D0BB49903120686E
:102B4000884204D0B849A8312068884201D10120C8
:102B500000E00020F0B3042084F83500B14920687B
:102B600088424BD0AF4918312068884246D0AD49E1
:102B700030312068884241D0AA49483120688842D3
:102B80003CD0A84960312068884237D0A5497831C7
:102B90002068884232D0A3499031206888422DD0E5
:102BA000A049A8312068884228D09F4920688842DF
:102BB00024D09D491831206888421FD09A4930316D
:102BC000206888421AD0984948312068884215D038
:102BD000954900E020E06031206888420ED092499B
:102BE00078312068884209D08F4990312068884226
:102BF00004D08D49A8312068884206D12068006839
:102C000020F001002168086009E12068006820F0D8
:102C100001002168086002E12068006820F00E00D1
:102C2000216808607F492068884249D07D49183171
:102C30002068884244D07B493031206888423FD0A8
:102C400078494831206888423AD076496031206816
:102C5000884235D0734978312068884230D0714934
:102C60009031206888422BD06E49A8312068884274
:102C700026D06D492068884222D06B4918312068DF
:102C800088421DD0684930312068884218D0664992
:102C900048312068884213D06349603120688842F7
:102CA0000ED0614978312068884209D05E49903160
:102CB0002068884204D05C49A8312068884206D147
:102CC0002068006820F001002168086005E02068A5
:102CD000006820F00100216808605249206888429D
:102CE00070D050491831206888426BD04D4930313E
:102CF0002068884266D04B4948312068884261D0BC
:102D000048496031206888425CD046497831206863
:102D1000884257D0434990312068884252D0414977
:102D2000A831206888424DD03F492068884249D068
:102D30003D4918312068884244D03B4930312068F1
:102D400088423FD038494831206888423AD03649D5
:102D500060312068884235D0334978312068884214
:102D600030D031499031206888422BD02E49A8318B
:102D70002068884226D02D492068884222D02B49DD
:102D80001431206888421DD02849283120688842A3
:102D900018D026493C312068884213D0234950314D
:102DA000206888420ED0214964312068884209D0C9
:102DB0001E4978312068884204D01C498C31206833
:102DC000884201D1012000E00020D8B1206E0068C7
:102DD00020F48070216E0860A56D94F85C0000F00E
:102DE0001F01012088406860D4E919104860E06E36
:102DF00040B1E06E006820F48070E16E0860D4E9B4
:102E00001C104860012084F8350000BF002084F8C1
:102E1000340000BF206D10B12046216D884700208E
:102E20003EE6000010000240100402400854025820
:102E30002DE9F84F044600200090FE4800684FF44A
:102E40001651B0FBF1FAA66DD4F858803768D8F85F
:102E50000090F9492068884249D0F7491831206824
:102E6000884244D0F4493031206888423FD0F2494A
:102E70004831206888423AD0EF4960312068884262
:102E800035D0ED4978312068884230D0EA49903118
:102E9000206888422BD0E849A8312068884226D093
:102EA000E6492068884222D0E449183120688842E7
:102EB0001DD0E24930312068884218D0DF494831BE
:102EC0002068884213D0DD496031206888420ED0E6
:102ED000DA4978312068884209D0D8499031206891
:102EE000884204D0D549A8312068884201D1012008
:102EF00000E0002000287DD094F85C0000F01F0165
:102F0000082088403840002868D0CB492068884293
:102F100049D0C94918312068884244D0C649303167
:102F2000206888423FD0C4494831206888423AD05E
:102F3000C14960312068884235D0BF497831206866
:102F4000884230D0BC499031206888422BD0BA49A1
:102F5000A8312068884226D0B8492068884222D00B
:102F6000B6491831206888421DD0B44930312068F4
:102F7000884218D0B14948312068884213D0AF49FF
:102F80006031206888420ED0AC4978312068884290
:102F900009D0AA4990312068884204D0A749A831B5
:102FA0002068884204D12068006800F0040003E033
:102FB0002068006800F0080080B12068006820F0F8
:102FC00004002168086094F85C0000F01F010820EC
:102FD0008840B060606D40F00100606594F85C006E
:102FE00000F01F01012088403840E8B39249206872
:102FF000884200E0B7E24BD08F4918312068884200
:1030000046D08D4930312068884241D08A494831C4
:10301000206888423CD0884960312068884237D097
:10302000854978312068884232D0834990312068C0
:1030300088422DD08049A8312068884228D07F4915
:103040002068884224D07D491831206888421FD0EA
:103050007A493031206888421AD07849483120684E
:10306000884215D0754900E026E06031206888422A
:103070000ED0724978312068884209D06F4990316A
:103080002068884204D06D49A8312068884204D164
:103090002068406900F0800002E02068006800209D
:1030A00050B194F85C0000F01F0101208840B0602E
:1030B000606D40F00200606594F85C0000F01F0154
:1030C000042088403840E8B35B49206888424BD0F0
:1030D000594918312068884246D057493031206814
:1030E000884241D054494831206888423CD05249F6
:1030F00060312068884237D04F4978312068884253
:1031000032D04D499031206888422DD04A49A831AB
:103110002068884228D049492068884224D04749FD
:103120001831206888421FD04449303120688842D5
:103130001AD0424948312068884215D03F49603151
:10314000206800E024E088420ED03C4978312068B5
:10315000884209D0394990312068884204D03749E3
:10316000A8312068884204D12068006800F002007D
:1031700002E020680068002050B194F85C0000F084
:103180001F0104208840B060606D40F0040060655D
:1031900094F85C0000F01F01102088403840E8B32C
:1031A00025492068884251D0234918312068884237
:1031B0004CD0214930312068884247D01E494831DF
:1031C0002068884242D01C496031206888423DD046
:1031D000194978312068884238D0174990312068E1
:1031E000884233D01449A831206888422ED0134930
:1031F000206888422AD0114918312068884225D099
:103200000E4930312068884220D00C49483120686E
:1032100088421BD009496031206800E04DE08842B7
:1032200014D006497831206888420FD00349903184
:10323000206805E02800002410000240100402402D
:10324000884203D0FE492068884204D12068006883
:1032500000F0080003E02068006800F0040060B39C
:1032600094F85C0000F01F0110208840B0602068D6
:10327000006800F4802080B12068006800F400201D
:1032800028B9206CC8B12046216C884715E0A06C95
:1032900098B12046A16C88470FE02068006800F4D0
:1032A000807028B92068006820F008002168086054
:1032B000206C10B12046216C884794F85C0000F027
:1032C0001F0120208840384000287DD0DD4920683B
:1032D000884249D0DB4918312068884244D0D94916
:1032E0003031206888423FD0D64948312068884232
:1032F0003AD0D44960312068884235D0D1497831FC
:103300002068884230D0CF499031206888422BD045
:10331000CC49A8312068884226D0C949A8392068FC
:10332000884221D0C6499039206888421CD0C449BF
:1033300078392068884217D0C149603920688842AE
:1033400012D0BF494839206888420DD0BC49303975
:103350002068884208D0BA4918392068884203D0CA
:10336000B7492068884204D12068006800F0100046
:1033700003E02068006800F0020028B394F85C00C5
:1033800000F01F0120208840B06094F83500042828
:103390002DD12068006820F01600216808602068A0
:1033A000406920F0800021684861206C08B9A06C59
:1033B00028B12068006820F008002168086094F8AF
:1033C0005C0000F01F0100E03FE03F208840B0605B
:1033D000012084F8350000BF002084F8340000BFCD
:1033E000206D10B12046216D8847BDE8F88F206818
:1033F000006800F4802080B12068006800F400209C
:1034000028B9606C08B32046616C88471DE0E06B0A
:10341000D8B12046E16B884717E02068006800F4C7
:10342000807068B92068006820F01000216808608A
:10343000012084F8350000BF002084F8340000BF6C
:10344000E06B10B12046E16B8847606D00287AD0B0
:10345000606D00F00100E8B3042084F8350079497C
:10346000206888424BD0774918312068884246D07E
:10347000744930312068884241D07249483120680F
:1034800088423CD06F4960312068884237D06D490E
:1034900078312068884232D06A4990312068884269
:1034A0002DD06849A8312068884228D06449A839BD
:1034B0002068884223D062499039206888421ED013
:1034C0005F4978392068884219D05D4960392068A1
:1034D000884200E040E012D05949483920688842CB
:1034E0000DD0574930392068884208D054491839DE
:1034F0002068884203D052492068884206D120685B
:10350000006820F001002168086005E0206800687C
:1035100020F001002168086000BF0098401C009066
:10352000504500D905E02068006800F0010000283F
:10353000F3D100BF2068006800F0010020B1032033
:1035400084F8350003E00DE0012084F8350000BF69
:10355000002084F8340000BFE06C002802D0204630
:10356000E16C8847D9E138492068884222D0364941
:103570001431206888421DD03349283120688842A0
:1035800018D031493C312068884213D02E4950313F
:10359000206888420ED02C4964312068884209D0C6
:1035A000294978312068884204D027498C31206825
:1035B000884201D1012000E000200028D2D02068FC
:1035C000056894F85C0000F01F010420884000EAC0
:1035D0000900D8B305F00400C0B394F85C0000F013
:1035E0001F0104208840C8F8040005F4004080B1A1
:1035F00005F4803030B9A06C0028B3D02046A16C0F
:1036000088478AE1206C0028ACD02046216C88478E
:1036100083E105F02000E8BB0A492068884253D0C6
:1036200008491831206888424ED006493031206858
:10363000884249D0034948312068884244D006E096
:10364000B804024010000240085402584FE0B44948
:1036500060312068884237D0B1497831206888428B
:1036600032D0AF499031206888422DD0AC49A83182
:103670002068884228D0AB492068884224D0A949D4
:103680001831206888421FD0A6493031206888420E
:103690001AD000E025E0A34948312068884213D0C1
:1036A000A0496031206888420ED09E497831206858
:1036B000884209D09B4990312068884204D09949BA
:1036C000A8312068884206D12068006820F00800F0
:1036D0002168086005E02068006820F00400216887
:1036E0000860206C10B32046216C884715E194F8DF
:1036F0005C0000F01F010220884000EA0900E8B3E6
:1037000005F00200D0B394F85C0000F01F01022025
:103710008840C8F8040005F4004070B105F480301A
:1037200028B9606C10B12046616C8847F5E0E06B09
:10373000F0B32046E16B8847EFE005F02000C0BB06
:103740007749206888424ED07549183120688842F0
:1037500049D0734930312068884244D0704948319B
:10376000206888423FD06E496031206888423AD054
:103770006B4978312068884235D000E04EE06849D6
:103780009031206888422ED06549A831206888424F
:1037900029D064492068884225D0624918312068C0
:1037A000884220D05F493031206888421BD001E038
:1037B0006EE02DE05B4948312068884213D05949BA
:1037C0006031206888420ED056497831206888429E
:1037D00009D0544990312068884204D05149A83119
:1037E0002068884206D12068006820F01400216813
:1037F000086005E02068006820F00A002168086081
:10380000012084F8350000BF002084F8340000BF98
:10381000E06BE8B32046E16B88477EE094F85C00FB
:1038200000F01F010820884000EA090080B305F07D
:10383000080068B33A49206888424BD038491831AB
:103840002068884246D0364930312068884241D0CD
:1038500033494831206888423CD031496031206882
:10386000884237D02E4978312068884232D02C499E
:103870009031206888422DD02949A831206888429B
:1038800028D028492068884224D02649183100E0F1
:1038900043E0206888421DD02249303120688842A8
:1038A00018D0204948312068884213D01D49603122
:1038B000206888420ED01B4978312068884209D0A0
:1038C000184990312068884204D01649A8312068F0
:1038D000884206D12068006820F01C00216808603A
:1038E00005E02068006820F00E002168086094F868
:1038F0005C0000F01F0101208840C8F8040001208E
:10390000606584F8350000BF002084F8340000BFF3
:10391000E06C10B12046E16C884700BF65E500000F
:1039200010000240100402402DE9F041044601F06D
:103930009DFC804614B90120BDE8F081FE49206855
:10394000884249D0FC4918312068884244D0FA495D
:103950003031206888423FD0F7494831206888429A
:103960003AD0F54960312068884235D0F249783143
:103970002068884230D0F0499031206888422BD0AE
:10398000ED49A8312068884226D0EC492068884259
:1039900022D0EA491831206888421DD0E7493031E9
:1039A0002068884218D0E54948312068884213D001
:1039B000E2496031206888420ED0E04978312068C1
:1039C000884209D0DD4990312068884204D0DB4923
:1039D000A8312068884201D1012000E000200028A1
:1039E00073D0606A00B100BF022084F8350000BFC8
:1039F000002084F8340000BFCF492068884249D0B5
:103A0000CD4918312068884244D0CB4930312068F4
:103A100088423FD0C8494831206888423AD0C649D8
:103A200060312068884235D0C349783120688842A7
:103A300030D0C1499031206888422BD0BE49A8318E
:103A40002068884226D0BD492068884222D0BB49E0
:103A50001831206888421DD0B8493031206888422A
:103A600018D0B64948312068884213D0B349603134
:103A7000206888420ED0B14978312068884209D048
:103A8000AE4990312068884204D0AC49A831206802
:103A9000884206D12068006820F001002168086093
:103AA00005E02068006820F00100216808600DE052
:103AB00001F0DCFBA0EB0800052807D92020606599
:103AC000032084F83500012036E769E020680068AB
:103AD00000F001000028EBD12068056898480540F7
:103AE000D4E9020108432169084361690843A169D7
:103AF0000843E1690843216A08430543606A0428D2
:103B000003D1D4E90B01084305436068292802D397
:103B100060682E2817D960683F2802D36068422861
:103B200011D96068472802D3606848280BD96068BB
:103B30004F2802D36068522805D96068742804D3DE
:103B40006068772801D8012000E0002008B145F422
:103B50008015206805602068456925F00705606AC2
:103B60000543606A04280DD1A06A0543E06A48B1A4
:103B70002046FDF7B1FF28B140206065012084F8A0
:103B80003500D9E6206845612046FDF781FE0646EE
:103B900094F85C0000F01F013F208840B0609EE078
:103BA00068492068884222D06649143120688842DA
:103BB0001DD0644928312068884218D061493C31C1
:103BC0002068884213D05F495031206888420ED067
:103BD0005C4964312068884209D05A4978312068AC
:103BE000884204D057498C312068884201D1012095
:103BF00000E00020E0B353492068884222D05149B8
:103C00001431206888421DD04E49283120688842EE
:103C100018D04C493C312068884213D04949503172
:103C2000206888420ED0474964312068884209D014
:103C3000444978312068884204D042498C31206858
:103C4000884201D1012000E0002000B100BF022025
:103C500084F8350000BF002084F8340000BF2068DD
:103C6000056839480540A068402802D1102106E0C7
:103C70002EE0A068802801D1C10100E00021E068A9
:103C800041EAD001206941EAD001606941EAD001EE
:103C9000A06941EAD001E06941EAD001206A41EA25
:103CA000101005432068056026492068401A142139
:103CB000B0FBF1F08000E0652046FDF7E9FD074626
:103CC00094F85C0000F01F0101208840786006E055
:103CD00040206065032084F8350001202CE6164959
:103CE000206888427AD0144918312068884275D0FB
:103CF000114930312068884270D00F49483120681E
:103D000088426BD00C4960312068884266D00A49ED
:103D100078312068884261D0074990312068884214
:103D20005CD00549A8312068884257D003492068F3
:103D3000884253D0014909E01000024010040240BB
:103D40003F8010FE085402580F00FEFF1831206813
:103D5000884243D03749206888423FD035491831DE
:103D6000206888423AD0334930312068884235D0C3
:103D7000304948312068884230D02E49603120686F
:103D800088422BD02B4978312068884226D02A4996
:103D90002068884222D028491431206888421DD0EA
:103DA000254928312068884218D023493C312068B1
:103DB000884213D020495031206888420ED01E49D5
:103DC00064312068884209D01B49783120688842D4
:103DD00004D019498C312068884201D1012000E0CB
:103DE000002000B32046FDF7C9FDA068802801D15E
:103DF000002060602079216E0860D4E919104860C5
:103E0000606860B16068082809D82046FDF718FE90
:103E10000020E16E0860D4E91C10486003E0002037
:103E2000E0662067606700206065012084F8350047
:103E3000002081E540040240085402582DE9F04179
:103E400004460D4616461F464FF0000814B90120DF
:103E5000BDE8F08100BF94F83400012801D10220B0
:103E6000F6E7012084F8340000BF94F835000128FB
:103E70007ED1022084F8350000206065E449206886
:103E8000884249D0E24918312068884244D0E0494C
:103E90003031206888423FD0DD494831206888426F
:103EA0003AD0DB4960312068884235D0D849783132
:103EB0002068884230D0D6499031206888422BD083
:103EC000D349A8312068884226D0D2492068884248
:103ED00022D0D0491831206888421DD0CD493031D8
:103EE0002068884218D0CB4948312068884213D0D6
:103EF000C8496031206888420ED0C64978312068B0
:103F0000884209D0C34990312068884204D0C14911
:103F1000A8312068884206D12068006820F001009E
:103F20002168086005E02068006820F00100216831
:103F300008603B46324629462046FDF725FEB44937
:103F4000206888424BD0B24918312068884246D058
:103F5000AF4930312068884241D0AD4948312068AE
:103F600088423CD0AA4960312068884237D000E0BE
:103F700042E1A74978312068884230D0A449903185
:103F8000206888422BD0A249A8312068884226D0D8
:103F9000A0492068884222D09E4918312068884272
:103FA0001DD09C4930312068884218D09949483149
:103FB0002068884213D097496031206888420ED02B
:103FC000944978312068884209D09249903120681C
:103FD000884204D08F49A8312068884201D101204D
:103FE00000E0002080B12068006820F01E0040F052
:103FF000160021680860206CB0B12068006840F0AD
:104000000800216808600FE02068006820F00E00BA
:1040100040F00A0021680860206C28B12068006820
:1040200040F004002168086079492068884270D017
:1040300077491831206888426BD075493031206843
:10404000884266D0724948312068884261D0704900
:104050006031206888425CD06D49783120688842A0
:1040600057D06B4990312068884252D06849A831B6
:10407000206888424DD067492068884249D0654908
:1040800018312068884244D0624930312068884223
:104090003FD060494831206888423AD05D4960315C
:1040A0002068884235D05B4978312068884230D01A
:1040B00058499031206888422BD05649A831206851
:1040C000884226D054492068884222D0524914316F
:1040D000206888421DD0504928312068884218D075
:1040E0004D493C312068884213D04B4950312068FB
:1040F00088420ED0484964312068884209D0464938
:1041000078312068884204D043498C312068884245
:1041100001D1012000E0002090B1206E006800F481
:10412000803028B1206E006840F48070216E0860F5
:10413000E06E28B1E06E006840F48070E16E0860C7
:1041400033492068884249D0314918312068884273
:1041500044D02F493031206888423FD02C49483123
:10416000206888423AD02A4960312068884235D098
:10417000274978312068884230D02549903120681D
:1041800088422BD02249A8312068884226D0214974
:104190002068884222D01F491831206888421DD0EB
:1041A0001C4930312068884218D01A4948312068AB
:1041B000884213D017496031206888420ED01549D3
:1041C00078312068884209D01249903120688842AD
:1041D00004D01049A8312068884206D120680068C0
:1041E00040F001002168086010E02068006840F09D
:1041F00001002168086009E04FF40060606500BFBD
:10420000002084F8340000BF4FF0010840461FE64C
:1042100010000240100402400854025870B50446D1
:1042200001F024F806462546681C10B104480078C1
:10423000054400BF01F01AF8801BA842FAD370BDF4
:104240002400002430B5034693F89840012C01D097
:10425000022C3ED11868806D084030B91868C06DD6
:1042600040F001001D68E8650EE01868806D0840A8
:10427000884206D11868C06D40F002001D68E865EC
:1042800002E003201D68E86501F4007030B1186891
:10429000D0F8E00010431D68C5F8E00001F480602C
:1042A00030B11868D0F8E40010431D68C5F8E40088
:1042B00000BF1868406D0B4D0D4028431D686865B0
:1042C0000948006840EA9170074D286000BF00204F
:1042D00030BDD3F89C0040F00200C3F89C000120E0
:1042E000F6E70000FFFFCF3F14A800402DE9F041A2
:1042F00004460E461746706800B900E000BF94F807
:104300009800022832D12068D0F8C00000F07C501C
:1043100040B9D4F89C0040F02000C4F89C00012073
:10432000BDE8F0812068D0F8C40000F4001038B176
:10433000D4F89C0040F40070C4F89C000120EFE722
:104340002068D0F8C400C0F304452B463A463146F5
:104350002046FEF7AFF80120A8402168C1F8D00040
:104360000120A840C4F894000020D9E7D4F89C00AC
:1043700040F00800C4F89C000120D1E77047F0B578
:10438000024692F89860012E01D0022E43D1C868EF
:10439000072800D100BF086818BBC868072800D0EC
:1043A00000BFC86807280BD1088A4FF0605747EA5A
:1043B0000040CF6940EA07208F6940EA07040AE01D
:1043C000087A80070F7B40EAC7600F8A40EA0740FF
:1043D0004F6940EA0704D76E486807EB80031C600A
:1043E00017E0C868072800D000BF0F7B086940EAC3
:1043F0004774C868072801D18D6903E00F7A4869BE
:1044000040EA8775176F486807EBC0031C601B1DE7
:104410001D600020F0BDD2F89C0040F00200C2F800
:104420009C000120F6E770B50446049D94F89800BE
:1044300001280AD1080140EA820040EA43002843EB
:104440002668C6F88000002070BDD4F89C0040F0BB
:104450000400C4F89C000120F6E770477047000094
:104460002DE9F04304460D469C46002394F89880BD
:10447000B8F1020F74D1402D38D12068D0F8A000D7
:1044800000F4FE0040B9D4F89C0040F02000C4F8CD
:104490009C000120BDE8F0832068D0F8A40000F063
:1044A0007F0038B9D4F89C0040F48070C4F89C00B8
:1044B0000120EFE72068D0F8A400C0F3006040B10D
:1044C0002068D0F8A0004FF00049B9EBD07F00D1B0
:1044D00001232068D0F8A400C0F305200344606CD9
:1044E0005843D4F8749009EB80014BE0412D38D14A
:1044F0002068D0F8B00000F4FE0038B9D4F89C0071
:1045000040F02000C4F89C000120C3E72068D0F8E8
:10451000B40000F07F0038B9D4F89C0040F48070FB
:10452000C4F89C000120B5E72068D0F8B400C0F3BF
:10453000006040B12068D0F8B0004FF00049B9EBFE
:10454000D07F00D101232068D0F8B400C0F305204B
:104550000344E06C5843D4F8789009EB800111E0F3
:104560006EE0206DA84207D8D4F89C0040F02000EF
:10457000C4F89C0001208DE7606D6843D4F87C90FE
:1045800009EB8001086800F080405060506820B955
:104590000868C0F38A40106003E0086820F06040BB
:1045A0001060086800F000509060086800F000405B
:1045B0001061091D088880B2D061086800F470207D
:1045C000D060086800F480105061086800F40010A2
:1045D00090610868C0F3066010620868C00F5062FE
:1045E000091D0F46002603E0B85D0CF80600761C96
:1045F000DFF85C90D06809EB10400078B042F3D847
:10460000402D03D12068C0F8A83017E0412D03D118
:104610002068C0F8B83011E0202D06D20120A84053
:10462000D4F80090C9F8980008E005F01F090120AF
:1046300000FA09F0D4F80090C9F89C00002029E79E
:10464000D4F89C0040F00800C4F89C00012021E749
:10465000B02D0108704700002DE9F04F8DB00446E1
:10466000EF4800688707EE48001D006807EA80777A
:104670002068006D00F470482068406D00EA08086A
:104680002068006D00F00F092068406D00EA0909FC
:104690002068006D00F0F00A2068406D00EA0A0A08
:1046A0002068006D00F0715B2068406D00EA0B0B24
:1046B0002068006D00F060700C902068406D0C99CF
:1046C00008400C902068456D2068066DC5F30020F9
:1046D00070B1C6F3002058B100BF4FF4807021685C
:1046E00008650020CE49086000BF2046FFF7B2FFF2
:1046F000C5F38020C8B1C6F38020B0B12068D0F8DF
:10470000DC000A902068D0F8E4000A9908400A907A
:1047100000BF4FF48060216808650020C049086030
:1047200000BF20460A9900F09FFC67B100BFBD485A
:10473000384021680865B80FB949086000BF39469C
:104740002046FFF71BFEB8F1000F0ED000BFB548A2
:1047500008EA0000216808654FEA9870B0490860CF
:1047600000BF4146204600F081FCB9F1000F0ED099
:1047700000BFAC4809EA0000216808654FEA99705B
:10478000A749086000BF4946204600F09BFBBAF1EC
:10479000000F0ED000BFA3480AEA00002168086598
:1047A0004FEA9A709E49086000BF5146204600F0CB
:1047B0001FFCC5F3C02070B1C6F3C02058B100BFC4
:1047C0004FF400602168086500209549086000BF2B
:1047D000204600F04CFCC5F34020C8B1C6F3402091
:1047E000B0B12068D0F8D8000B902068D0F8E00075
:1047F0000B9908400B9000BF4FF4007021680865CA
:1048000000208749086000BF20460B9900F02DFC6E
:10481000C5F3C04070B1C6F3C04058B100BF4FF4FB
:1048200000202168086500207D49086000BF2046FF
:1048300000F046FBC5F3004070B1C6F3004058B12C
:1048400000BF4FF48030216808650020744908607B
:1048500000BF204600F007FCC5F3804070B1C6F3EE
:10486000804058B100BF4FF48020216808650020C7
:104870006B49086000BF204600F0F4FBC5F34040E0
:1048800088B1C6F3404070B100BF4FF400302168DA
:10489000086500206249086000BFD4F89C0040F021
:1048A0008000C4F89C000C9870B100BF5D490C9862
:1048B0000840216808650C98800F5949086000BFBE
:1048C00020460C99FFF7CAFDBBF1000F10D000BFC6
:1048D00054480BEA0000216808654FEA9B70504974
:1048E000086000BFD4F89C0040EA0B00C4F89C00AC
:1048F0004D49206888427DD16068806800F00300DF
:10490000002877D06068006A00F00F0009906068A6
:10491000406A0999084009906068006A00F0300018
:1049200008906068406A0899084008906068006ACA
:1049300000F4C07007906068406A079908400790CB
:104940006068006A00F4FC4006906068406A06995E
:10495000084006906068006A00F4F02005906068E6
:10496000406A0599084005906068406A0290606856
:10497000006A0190099830B1099861680862204680
:10498000099900F06CFB089830B1089861680862DA
:104990002046089900F065FB0298C0F38010A0B192
:1049A0000198C0F3801080B16068C06B000C049067
:1049B0006068C06B00F03F000390402061680862AF
:1049C0002046DDE9032100F04BFB079830B1079842
:1049D000616808622046079900F040FB069840B1E4
:1049E000069861680862D4F89C0006990843C4F8E8
:1049F0009C0000E00AE0059840B1059861680862F3
:104A0000D4F89C0005990843C4F89C00D4F89C0095
:104A100010B12046FFF721FD0DB0BDE8F08F00007A
:104A200010A80040FFFFCF3F00A0004070B594B039
:104A300004464C22B34901A8FBF706FD14B9012036
:104A400014B070BDB0492068884203D1206800F5D9
:104A500080706060A068B0F5407F00D100BF206C1E
:104A600000B100BFA06C00B100BF206D00B100BF5D
:104A7000206E00B100BFD4E91710084400B100BF98
:104A800094F8980028B9002084F89900204600F096
:104A90003DF92068806920F010002168886100F0ED
:104AA000E5FB05460EE000F0E1FB401B0A2809D9B2
:104AB0009834606840F001006060032004F89809B1
:104AC0000120BDE72068806900F008000828EAD0CE
:104AD0002068806940F001002168886100F0C6FB11
:104AE00005460EE000F0C2FB401B0A2809D99834A5
:104AF000606840F001006060032004F8980901201C
:104B00009EE72068806900F001000028EAD0206854
:104B1000806940F0020021688861207C012806D16C
:104B20002068806920F040002168886105E02068E5
:104B3000806940F0400021688861607C012806D1CE
:104B40002068806940F480402168886105E0206821
:104B5000806920F4804021688861A07C012806D10A
:104B60002068806920F480502168886105E0206811
:104B7000806940F48050216888612068806920F451
:104B80004070A1680843216888612068806920F02E
:104B9000A400216888612068006920F01000216865
:104BA0000861E068012806D12068806940F00400AF
:104BB0002168886120E0E068F0B1E068022815D043
:104BC0002068806940F08000216888612068006961
:104BD00040F0100021680861E06803280CD12068CB
:104BE000806940F020002168886105E020688069C4
:104BF00040F0200021688861207E401E4106E06967
:104C0000401E41EA0020216A491E0843A18A491E2C
:104C100040EA01402168C861A068B0F5407F0FD12B
:104C2000A06A401EE16A491E40EA0121206B401E35
:104C300041EA0011A08C401E41EA00402168C86092
:104C4000206E38B12068D0F8C000616E084321683A
:104C5000C1F8C000D4E91710084460B12068D0F84A
:104C6000C80020F0070001AAA16E52F821100843E5
:104C70002168C1F8C800206C60B12068D0F8BC0081
:104C800020F0070001AA616C52F821100843216846
:104C9000C1F8BC00A06C68B12068D0F8BC0020F05E
:104CA000700101AAE06C52F8200041EA001021686E
:104CB000C1F8BC00206D68B12068D0F8BC0020F4B9
:104CC000E06101AA606D52F8200041EA00202168ED
:104CD000C1F8BC000C492068884205D16068806832
:104CE00020F0030061688860002044F8940FA06001
:104CF00001202071943C2046FDF7CCFA0646304650
:104D00009EE60000C02D010800A0004010B586B04E
:104D10000446142101A8FBF7B0FB624920688842D1
:104D20003CD161480068401C5F4908600846006843
:104D300001280DD100BF5D48006840F480705B49D8
:104D400008600846006800F48070009000BF00BF53
:104D500000BF56480C38006840F0080053490C3931
:104D600008600846006800F00800009000BF00BF1F
:104D7000032001900220029000200390049009205B
:104D8000059001A94A4800F073F90022062113207A
:104D900000F02AFB132000F013FB81E04549206856
:104DA00088423CD140480068401C3F4908600846A2
:104DB000006801280DD100BF3C48006840F48070B5
:104DC0003A4908600846006800F48070009000BF0F
:104DD00000BF00BF35480C38006840F0020033497E
:104DE0000C3908600846006800F00200009000BF1F
:104DF00000BF6020019002200290002003900490E8
:104E00000920059001A92C4800F032F90022052163
:104E1000142000F0E9FA142000F0D2FA40E027490B
:104E2000206888423CD120480068401C1E49086028
:104E30000846006801280DD100BF1C48006840F4F6
:104E400080701A4908600846006800F4807000907D
:104E500000BF00BF00BF15480C38006840F00800D4
:104E600012490C3908600846006800F008000090FC
:104E700000BF00BF4FF4405001900220029000207C
:104E8000039004900520059001A9094800F0F0F86E
:104E9000002205219F2000F0A7FA9F2000F090FA41
:104EA00006B010BD00A0004018000024EC440258D9
:104EB000000C025800A400400004025800D4004036
:104EC0007047000070B504460D4605F0010000284B
:104ED0007ED04249206888427ED140214048FBF77D
:104EE000CCFA3F4B3F4A40212046FFF7B9FA3D48F4
:104EF0000068113806286DD2DFE800F0124F030A6F
:104F00001A3438483649C26837480AF091FF62E0DF
:104F100034483349C268344838300AF089FF5AE0CF
:104F200030482F49C268304870300AF0CFFE52E056
:104F30002C482B49C2682D480AF07AFF2B4890ED87
:104F4000070AB1EE400A80ED070A90ED080AB1EEBB
:104F5000400A80ED080A90ED090AB1EE400A80EDA2
:104F6000090A38E01F481E49C268204838300AF054
:104F70005FFF1E4890ED150AB1EE400A80ED150A5C
:104F800090ED160AB1EE400A80ED160A90ED170A70
:104F9000B1EE400A80ED170A1DE012481049C268C0
:104FA000124870300AF092FE104890ED280AB1EED7
:104FB000400A80ED280A90ED270AB1EE400A80ED04
:104FC000270A90ED290AB1EE400A80ED290A02E095
:104FD00002E0FFE700BF00BF70BD000000A000407E
:104FE000CC8A0024A48A0024388500241886002452
:104FF00070B504460D4605F0100068B107492068F9
:10500000884209D140210648FBF737FA044B054A8C
:1050100041212046FFF724FA70BD000000A40040A3
:10502000348B00240C8B0024014691F89800012851
:105030000CD1022081F898000868806920F00100F6
:105040000A6890610020C1F89C007047D1F89C006C
:1050500040F00400C1F89C000120F6E7704770475B
:105060007047704770477047704770477047704788
:10507000F8B502460B4600216D4DD2E001278F4066
:105080001E6806EA0704002C72D01E7906F003069B
:10509000012E04D01E7906F00306022E13D190686B
:1050A0004F000326BE40B0434F00DE68BE40304391
:1050B0009060506801268E40B0431E79C6F30016FA
:1050C0008E40304350601E7906F00306032E09D04F
:1050D000D0684F000326BE40B0434F009E68BE40DC
:1050E0003043D0601E7906F00306022E13D1CF089C
:1050F00002F1200656F827004E07F70E0F26BE4095
:10510000B0434F07FF0E1E69BE403043CF0802F187
:10511000200646F8270010684F000326BE40B04323
:105120001E7906F003064F00BE40304310605E68F3
:1051300006F44036002E73D000BF3E4E366846F06F
:1051400002063C4F3E603E46366806F00206009678
:1051500000BF00BF384E8F0856F827008E07370F64
:105160000F26BE40B043354EB24202D1002629E0A0
:1051700056E0334EB24201D1012623E0314EB24215
:1051800001D102261EE0304EB24201D1032619E0C1
:105190002E4EB24201D1042614E02D4EB24201D16E
:1051A00005260FE02B4EB24201D106260AE02A4E18
:1051B000B24201D1072605E0284EB24201D10926AC
:1051C00000E00A268F073F0FBE4030431A4E8F087B
:1051D00046F827004FF0B0463068A0435E6806F4FA
:1051E000801606B120434FF0B04630607068A0438F
:1051F0005E6806F4001606B120434FF0B0467060BA
:105200006868A0435E6806F4003606B12043686013
:105210002868A0435E6806F4803606B12043286003
:10522000491C1E68CE40002E7FF428AFF8BD000058
:1052300080000058F4440258080400580000025846
:105240000004025800080258000C025800100258CE
:105250000014025800180258001C0258002402587A
:105260000AB1816101E00B04836170470148006865
:10527000704700001C0000240348006803490978B7
:1052800008440149086070471C00002424000024E1
:1052900010B5032000F0E6F802F000FB10490968A1
:1052A000C1F303210F4A515C01F01F0120FA01F400
:1052B0000B48006800F00F001146085C00F01F006A
:1052C00024FA00F008490860084804600F2000F044
:1052D0000FF808B1012010BD00F05AF80020FAE7DD
:1052E00018440258342E01082C0000242800002401
:1052F000F0B58BB00446102C0AD2002221461C20A7
:1053000000F072F81C2000F05BF81D48046002E019
:1053100001200BB0F0BD00BF1A48006840F001004A
:10532000184908600846006800F00100019000BFBD
:1053300000BF02A903A802F031FA089E1EB902F0CC
:1053400089FA054602E002F085FA45000E48B5FBF1
:10535000F0F0471E4FF080400C49086040F2E73102
:105360000A48C160476000210161816003F034FC9C
:1053700018B9064803F068FCCBE70120C9E7000034
:1053800020000024E844025840420F00A8070024EF
:1053900008B500BF0948006840F0020007490860EE
:1053A0000846006800F00200009000BF00BF002225
:1053B0000F21901E00F018F808BD0000F4440258B8
:1053C0000146084600280DDB00BF00BF00F01F03A8
:1053D00001229A4043099B0003F1E023C3F8002116
:1053E00000BF00BF00BF70472DE9F05F80460D464B
:1053F000164609F0F9FF074639462A46334601F0BA
:105400000700C0F1070ABAF1040F02D94FF0040AED
:1054100001E0C0F1070AD14600F1040ABAF1070F12
:1054200002D24FF0000A01E0A0F1030AD4464FF087
:10543000010A0AFA09FAAAF1010A0AEA020A0AFAB0
:105440000CFA4FF0010B0BFA0CFBABF1010B0BEA62
:10545000030B4AEA0B042146404609F0CDFFBDE8A4
:10546000F09F000000BF00F00702064B19684FF6DE
:10547000FF031940044B0B4343EA0221014B19601F
:1054800000BF70470CED00E00000FA0501460A6815
:105490000120C1F80005002081F8F404906940F073
:1054A00000609061506D024B1843506500207047BA
:1054B00003000010704702461068416200207047E8
:1054C000F0B5034615461868446A21B944EA054018
:1054D0001E68B06219E01868806A04EB104400226C
:1054E00008E0186800F5827050F8220004EB1044C0
:1054F000501CC2B2481E9042F3D844EA05471868CF
:1055000000F582704E1E40F826700020F0BD10B5E8
:105510000446D4F8080508F001FA10BD70B5044639
:105520000D4605EBC50304F13C0101EB8301CA689C
:105530002946D4F8080508F0ECF870BD70B50446AB
:105540000D4605EBC50304F51F7101EB8301CA6825
:105550002946D4F8080508F060F970BD10B5044676
:10556000D4F8080508F0DDF910BD2DE9F041044636
:105570000D4605F08000802808D105F00F0000EBF3
:10558000C00104F13C0000EB810607E005F00F00CC
:1055900000EBC00104F51F7000EB81063146206866
:1055A00009F00AFC07463846BDE8F08170B50446AC
:1055B0000E4606F0800080280AD106F00F0000EBAE
:1055C000C00104F13C0000EB81050120687009E096
:1055D00006F00F0000EBC00104F51F7000EB810521
:1055E0000020687006F00F00287000BF94F8BC041B
:1055F000012801D1022070BD012084F8BC0400BF45
:105600002946206808F074FF00BF002084F8BC041D
:1056100000BF00BFEFE770B504460E4606F00F006E
:105620006168884201D9012070BD06F080008028A1
:105630000AD106F00F0000EBC00104F13C0000EBC2
:1056400081050120687009E006F00F0000EBC00141
:1056500004F51F7000EB8105002068700020A87021
:1056600006F00F00287000BF94F8BC04012801D197
:105670000220D9E7012084F8BC0400BF2946206835
:1056800009F02CF900BF002084F8BC0400BF00BF63
:10569000CAE7024601F00F0000EBC00302F51F70DD
:1056A00000EB8300406970472DE9F04705460E4640
:1056B00090461F464FF0000906F0800080280AD16E
:1056C00006F00F0000EBC00105F13C0000EB810487
:1056D0000120607009E006F00F0000EBC00105F545
:1056E0001F7000EB81040020607006F00F00207036
:1056F000C4F808802771607808B120786083022F91
:1057000001D10020607100BF95F8BC04012802D1CE
:105710000220BDE8F087012085F8BC0400BF2146C7
:10572000286808F0F1FD00BF002085F8BC0400BF28
:105730004846EEE72DE9F04105460E4617469846E5
:1057400006F00F0000EBC00105F51F7000EB8104AF
:10575000E760C4F8108000206061607006F00F0000
:105760002070E868012800D1E7612A7B214628687B
:1057700009F048F90020BDE8F08170B504460D46F7
:1057800005F00F006168884201D9012070BD05F065
:10579000800080280AD105F00F0000EBC00104F161
:1057A0003C0000EB81060120707007E005EBC501AD
:1057B00004F51F7000EB8106002070700120B070AE
:1057C00005F00F00307000BF94F8BC04012801D12F
:1057D0000220DBE7012084F8BC0400BF31462068CA
:1057E00009F0C3F805F00F0028B9217B04F2C44288
:1057F000206809F03BF800BF002084F8BC0400BF1B
:1058000000BFC3E72DE9F04105460E46174698460E
:1058100006F00F0000EBC00105F13C0000EB810435
:10582000E760C4F81080002060610120607006F01D
:105830000F002070E868012800D1E7612A7B21462B
:10584000286809F0DFF80020BDE8F0812DE9FE4F5F
:105850000446D4F800B05E46206809F094FB0028A6
:1058600074D1206809F0CEFB08B9BDE8FE8F40F680
:1058700008008059C0F30D20C4F8FC04206809F02A
:10588000C1FB00F00200022805D12068406900F049
:10589000020021684861206809F0B4FB00F01000A4
:1058A000102845D12068806920F0100021688861A7
:1058B000DBF8209009F00F0000EBC00104F51F7029
:1058C00000EB810AC9F3434002281AD147F6F07071
:1058D00009EA000030B3C9F30A125846DAF80C108E
:1058E00009F095FBC9F30A11DAF80C000844CAF86C
:1058F0000C00C9F30A11DAF814000844CAF81400BD
:1059000010E0C9F3434006280CD1082204F2C44138
:10591000584609F07CFBC9F30A11DAF81400084470
:10592000CAF814002068806940F01000216888617E
:10593000206809F067FB00F40020B0F5002F7BD150
:105940000025206809F02EFB029072E003E3029824
:1059500000F00100002868D0E9B2206809F045FB9A
:10596000804608F0010048B1012106F5306000EBE7
:10597000451081602946204605F0AEF908F0080080
:10598000082809D1082106F5306000EB4510816038
:105990002946204605F06EF908F01000102805D1C0
:1059A000102106F5306000EB4510816008F0020020
:1059B000022824D1DBF8140000F08000802807D1F1
:1059C00040F60400805940F4806140F604008151A3
:1059D00005EBC50104F51F7000EB810A9AF803007E
:1059E000012806D100208AF80300E9B2204600F021
:1059F000BDFA022106F5306000EB4510816008F029
:105A00002000202805D1202106F5306000EB45104C
:105A1000816008F40050B0F5005F06D14FF40051EA
:105A200006F5306000EB451081606D1C029840085F
:105A30000290029800288AD1206809F0E3FA00F465
:105A40008020B0F5802F7DD1206809F0A1FA029066
:105A500000259AE0029800F00100002873D0E9B216
:105A6000206809F0A9FA804608F00100F0B305F0BB
:105A70000F0101208840019040F6340081590198BF
:105A800021EA000040F634018851012106F510603A
:105A900000EB45108160E068012824D105EBC501C9
:105AA00004F13C0000EB810005EBC502C16804F184
:105AB0003C0000EB82008068014405EBC50204F164
:105AC0003C0000EB8200C1606DB905EBC50104F13B
:105AD0003C0000EB8100006928B904F2C4420121B6
:105AE000206808F0C3FEE9B2204600E001E0FFF7BD
:105AF00015FD08F00800082805D1082106F51060FA
:105B000000EB4510816008F01000102805D110212D
:105B100006F5106000EB4510816008F04000402859
:105B200005D1402106F5106000EB4510816008F0BA
:105B3000020002281DD12946584609F0E5F905EB77
:105B4000C50101E025E01CE004F13C0000EB810A06
:105B50009AF80300012806D100208AF80300E9B270
:105B6000204600F0FAF9022106F5106000EB45101E
:105B7000816008F08000802803D12946204605F086
:105B80004DF96D1C029840080290029800287FF49D
:105B900061AF206809F036FA00F00040B0F1004F24
:105BA0001CD140F60400805920F0010140F60400A9
:105BB000815194F8F404012807D1002084F8F404FA
:105BC00000212046FFF776FC02E0204600F004FBAF
:105BD0002068406900F0004021684861206809F0B1
:105BE00011FA00F40060B0F5006F0ED140F6080025
:105BF000805900F0010010B1204600F045FB2068FC
:105C0000406900F4006021684861206809F0FAF9F1
:105C100000F00060B0F1006F19D12068406900F019
:105C200000602168486194F8F40468B9012084F8A0
:105C3000F4042068406DC0F38300C4F8F804012127
:105C40002046FFF737FC02E0204600F01DFB2068ED
:105C500009F0D8F900F48050B0F5805F7ED140F6AD
:105C60000400805920F0010140F604008151102108
:105C7000206809F049F9002732E04FF67F3106F538
:105C8000106000EB4710816006F5106000EB4710D4
:105C9000006820F4001106F5106000EB4710016069
:105CA0004FF67F3106F5306000EB4710816006F556
:105CB000306000EB4710006820F4001106F53060FA
:105CC00000EB4710016006F5306000EB47100068FC
:105CD00040F0006106F5306000EB471001607F1C6A
:105CE0006068B842C9D840F61C00805940F00111E4
:105CF00040F61C008151206B70B1D6F8840840F04A
:105D00000B01C6F8841840F64400805940F00B019E
:105D100040F6440081510FE040F61400805942F2F1
:105D20002B01084340F614018851081F805940F0A8
:105D30000B014FF401608151D6F8000820F4FE6099
:105D4000C6F80008217B04F2C442206808F08EFDEA
:105D50002068406900F48050216800E000E048615C
:105D6000206809F04FF900F40050B0F5005F17D13A
:105D7000206808F031FB206809F0F2F8206101F09A
:105D800043FD0090227C2068009909F0C3F9204669
:105D900000F00AFA2068406900F400502168486168
:105DA000206809F02FF900F00800082808D12046E3
:105DB00000F019FA2068406900F008002168486185
:105DC000206809F01FF900F08000802818D1DBF866
:105DD000180020F08000CBF8180001250DE005EB3D
:105DE000C50104F51F7000EB8100C078012803D1C4
:105DF000E9B22046FFF7B9FB6D1C6068A842EED8F7
:105E0000206809F0FFF800F48010B0F5801F2DD154
:105E1000012522E006F5106000EB4510D0F8009057
:105E200005EBC50104F13C0000EB8100007901287D
:105E300012D109F00040B0F1004F0DD1012105EB66
:105E4000C50204F13C0000EB8200C170E8B240F0F2
:105E500080012046FFF789FB6D1C6068A842D9D8F5
:105E60002068406900F4801021684861206809F0CA
:105E7000C9F800F40010B0F5001F44D1012538E046
:105E800006F5306000EB4510D0F8009005EBC50139
:105E900004F51F7000EB81000079012828D109F07A
:105EA0000040B0F1004F23D109F4803094F8FC1485
:105EB00001F0010188421BD1012105EBC50204F567
:105EC0001F7000EB8200C170DBF8180040F080000A
:105ED000CBF81800DBF8140000F0800040B940F661
:105EE0000400805940F4007140F60400815103E041
:105EF0006D1C6068A842C3D800BF2068406900F4E8
:105F0000001021684861206809F07CF800F08040AA
:105F1000B0F1804F08D12046FFF7F9FA20684069B8
:105F200000F0804021684861206809F06BF800F0BB
:105F3000040004280FD12068D0F8049009F0040070
:105F4000042802D12046FFF709FB2068406840EA98
:105F500009002168486000BF87E470B504460D461B
:105F60002946D4F8080507F04FFD70BD70B504460A
:105F70000D462946D4F8080507F06AFD70BD70B5D6
:105F80008AB0044614B901200AB070BD266894F89E
:105F9000BD0428B9002084F8BC04204600F0A8F80D
:105FA000032084F8BD04F06B00F4807008B9002170
:105FB000E160206808F052FC282204F110016846D4
:105FC000FAF742FA94E80F0008F01AFA20B102201A
:105FD00084F8BD040120D7E70021206809F047F8C4
:105FE000002531E0012105EBC50204F13C0000EB86
:105FF0008200417005EBC50104F13C0000F821501E
:1060000005EBC50100EB81004583002105EBC502CE
:1060100004F13C0000EB8200017105EBC50204F1C4
:106020003C0000EB8200816005EBC50204F13C00FE
:1060300000EB8200C16005EBC50204F13C0000EBFF
:1060400082000161681CC5B26068A842CAD80025F8
:106050002AE0002105EBC50204F51F7000EB820069
:10606000417005EBC50104F51F7000F821500021B7
:1060700005EBC50200EB8200017105EBC50204F5DA
:106080001F7000EB8200816005EBC50204F51F70F4
:1060900000EB8200C16005EBC50204F51F7000EB48
:1060A00082000161681CC5B26068A842D1D828226C
:1060B00004F110016846FAF7C7F994E80F0008F0F8
:1060C000E1FA20B1022084F8BD0401205CE7002041
:1060D00084F83800012084F8BD04606A012802D1E8
:1060E0002046FFF7D3F9206808F0BAFA00204BE702
:1060F00010B5B6B00446142130A8FAF7BEF9B8219D
:1061000002A8FAF7BAF925492068884243D14FF42A
:1061100080210020CDE902104FF44010239002A806
:1061200000F048FB08B1FCF739F800F0F7F800BFC1
:106130001B48006840F001001949086008460068E3
:1061400000F00100019000BF00BF4FF4807030905C
:10615000022031900020329033900A20349030A9F0
:106160001048FEF785FF00BF0D480838006840F072
:1061700000700B49083908600846006800F000709C
:10618000019000BF00BF002205214D20FFF72CF930
:106190004D20FFF715F936B010BD00000000044097
:1061A000E04402580000025870B5044601252069F9
:1061B00008B9002506E02069022801D1012501E087
:1061C000FBF7ECFF2946D4F8080507F0EAFCD4F801
:1061D000080507F091FC70BD10B50446D4F8080519
:1061E00007F0C0FC10BD10B50446D4F8080507F050
:1061F000C4FC10BD70B504460D4600BF94F8BC0445
:10620000012801D1022070BD012084F8BC0400BF28
:1062100084F838502946206808F05DFF00BF002050
:1062200084F8BC0400BF00BFEDE710B5044604F2DB
:10623000C441D4F8080507F0CBFC10BD70B5044686
:10624000256800BF94F8BC04012801D1022070BD6C
:10625000012084F8BC0400BFE86B00F4807030B902
:10626000A06A012803D1A86B40F48030A86320689D
:1062700008F018FE206808F0E1F900BF002084F85B
:10628000BC0400BF00BFE2E710B50446D4F808051F
:1062900007F0FBFC2068D0F8000E40F001002168F8
:1062A000C1F8000E206A28B10348006840F00600DB
:1062B0000149086010BD000010ED00E070B5044613
:1062C00015480068C0F3800048B91348006800F022
:1062D0000700A04201D0012070BD0020FCE70E485D
:1062E000006820F0070020430B490860FEF7BEFF5E
:1062F000054607E0FEF7BAFF401BB0F57A7F01D9EB
:106300000120E9E7044808380068C0F3403000285D
:10631000F0D00020E0E700000C4802580348006875
:1063200040F0807001490860704700000C48025836
:1063300010B501F069FA05490968C1F30211044A70
:10634000515C01F01F01C84010BD000020440258FC
:10635000342E010870B50146844D2D6805F0030305
:10636000824D2D68C5F30530804D2D1D2D68C5F378
:1063700000147E4D14352D68C5F3CC0515FB04F5CE
:1063800001EE105AB8EE411AF0EE410A00286FD023
:1063900023B1012B4ED0022B6BD16BE0734D283D06
:1063A0002D68C5F340153DB3704D283D2D68C5F3EC
:1063B000C1066F4D25FA06F201EE102AF8EE411AD9
:1063C00001EE100AB8EE411A81EE812A9FED691A9A
:1063D000C0EE811A654D10352D68C5F3080501EE34
:1063E000105AB8EE411A31EE811AF7EE001A31EE6A
:1063F000211A22EE010A1CE001EE100AB8EE411A41
:10640000DFED5D1A81EE812A9FED5A1AC0EE811AE6
:10641000564D10352D68C5F3080501EE105AB8EE3B
:10642000411A31EE811AF7EE001A31EE211A22EEEE
:10643000010A5BE001EE100AB8EE411ADFED4F1AD7
:1064400081EE812A9FED4B1AC0EE811A474D10351F
:106450002D68C5F3080501EE105AB8EE411A31EE69
:10646000811AF7EE001A31EE211A22EE010A3DE000
:1064700077E01DE001EE100AB8EE411A9FED402AC8
:10648000C2EE011A9FED3B1A80EE812A374D10357E
:106490002D68C5F3080501EE105AB8EE411A32EE28
:1064A000011AB7EE002A31EE021A21EE810A1DE030
:1064B00001EE100AB8EE411ADFED301A81EE812AA2
:1064C0009FED2C1AC0EE811A284D10352D68C5F3AA
:1064D000080501EE105AB8EE411A31EE811AF7EEB6
:1064E000001A31EE211A22EE010A00BF00BF1F4D33
:1064F00010352D68C5F3462501EE105AB8EE411A45
:10650000F7EE001A31EE211AC0EE011ABCEEE11AC4
:1065100081ED001A154D10352D68C5F3064501EEC5
:10652000105AB8EE411AF7EE001A31EE211AC0EEF9
:10653000011ABCEEE11A81ED011A0C4D10352D68DF
:10654000C5F3066501EE105AB8EE411AF7EE001ACF
:1065500031EE211AC0EE011ABCEEE11A81ED021AE9
:1065600003E000250D604D608D6070BD2844025829
:106570000090D003000000460024744C0024744AAC
:10658000001BB74B70B50146844D2D6805F0030321
:10659000824D2D68C5F30550804D2D1D2D68C5F326
:1065A00000247E4D1C352D68C5F3CC0515FB04F584
:1065B00001EE105AB8EE411AF0EE410A00286FD0F1
:1065C00023B1012B4ED0022B6BD16BE0734D283DD4
:1065D0002D68C5F340153DB3704D283D2D68C5F3BA
:1065E000C1066F4D25FA06F201EE102AF8EE411AA7
:1065F00001EE100AB8EE411A81EE812A9FED691A68
:10660000C0EE811A654D18352D68C5F3080501EEF9
:10661000105AB8EE411A31EE811AF7EE001A31EE37
:10662000211A22EE010A1CE001EE100AB8EE411A0E
:10663000DFED5D1A81EE812A9FED5A1AC0EE811AB4
:10664000564D18352D68C5F3080501EE105AB8EE01
:10665000411A31EE811AF7EE001A31EE211A22EEBC
:10666000010A5BE001EE100AB8EE411ADFED4F1AA5
:1066700081EE812A9FED4B1AC0EE811A474D1835E5
:106680002D68C5F3080501EE105AB8EE411A31EE37
:10669000811AF7EE001A31EE211A22EE010A3DE0CE
:1066A00077E01DE001EE100AB8EE411A9FED402A96
:1066B000C2EE011A9FED3B1A80EE812A374D183544
:1066C0002D68C5F3080501EE105AB8EE411A32EEF6
:1066D000011AB7EE002A31EE021A21EE810A1DE0FE
:1066E00001EE100AB8EE411ADFED301A81EE812A70
:1066F0009FED2C1AC0EE811A284D18352D68C5F370
:10670000080501EE105AB8EE411A31EE811AF7EE83
:10671000001A31EE211A22EE010A00BF00BF1F4D00
:1067200018352D68C5F3462501EE105AB8EE411A0A
:10673000F7EE001A31EE211AC0EE011ABCEEE11A92
:1067400081ED001A154D18352D68C5F3064501EE8B
:10675000105AB8EE411AF7EE001A31EE211AC0EEC7
:10676000011ABCEEE11A81ED011A0C4D18352D68A5
:10677000C5F3066501EE105AB8EE411AF7EE001A9D
:1067800031EE211AC0EE011ABCEEE11A81ED021AB7
:1067900003E000250D604D608D6070BD28440258F7
:1067A0000090D003000000460024744C0024744A7A
:1067B000001BB74B2DE9F04104460025A8464FF0D9
:1067C0000062D4E9001011400020134659404040B7
:1067D000014331D1606E48B1B0F5801F0DD0B0F5E6
:1067E000001F11D0B0F5401F16D114E0FE4800681C
:1067F00040F40030FC49086010E0022104F1080078
:1068000004F0DAFC054609E0022104F1280004F056
:1068100085FD054602E001E0012500BF00BF55B936
:10682000F1482430006820F44010616E0843EE49BE
:106830002431086000E0A8464FF48072D4E90010CB
:106840001140002013465940404001432ED1A06D15
:1068500005281BD2DFE800F0030A11181900E248EE
:10686000006840F40030E049086011E0002104F1C4
:10687000080004F0A1FC05460AE0002104F128000C
:1068800004F04CFD054603E002E001E0012500BFF5
:1068900000BF55B9D4482430006820F00700A16D2E
:1068A0000843D1492431086000E0A8464FF48062D3
:1068B000D4E90010114000201346594040400143E4
:1068C0003DD1D4F8A400B0F5C00F24D007DC68B1E6
:1068D000B0F5001F11D0B0F5800F1FD114E0B0F556
:1068E000000F19D0B0F5200F18D116E0BE4800688F
:1068F00040F40030BC49086012E0002104F10800B7
:1069000004F05AFC05460BE0002104F1280004F0D5
:1069100005FD054604E003E002E001E0012500BFBB
:1069200000BF5DB9B0482C30006820F46000D4F896
:10693000A4100843AC492C31086000E0A8464FF48D
:106940000062D4E90001104000211346584049403C
:1069500008433DD1D4F8A800B0F1407F24D007DC33
:1069600068B1B0F1807F11D0B0F1007F1FD114E089
:10697000B0F1806F19D0B0F1A06F18D116E09A482D
:10698000006840F400309849086012E0002104F1EA
:10699000080004F011FC05460BE0002104F128007A
:1069A00004F0BCFC054604E003E002E001E0012540
:1069B00000BF00BF5DB98C482C30006820F0E0605B
:1069C000D4F8A810084388492C31086000E0A84694
:1069D0004FF00073D4E900101940002059404040A6
:1069E000014328D1E06CA8B1102804D0202809D098
:1069F000302810D10DE07C48006840F400307A491E
:106A000008600AE0022104F1080004F0D5FB054605
:106A100003E002E001E0012500BF00BF55B9724864
:106A20002030006820F03000E16C08436E492031CE
:106A3000086000E0A8464FF48053D4E900101940E4
:106A4000002059404040014337D1E06DB0F5005F70
:106A50001AD004DC50B1B0F5805F1ED10DE0B0F566
:106A6000405F18D0B0F5804F17D115E05E48006840
:106A700040F400305C49086011E0002104F1080096
:106A800004F09AFB05460AE0002104F1280004F016
:106A900045FC054603E002E001E0012500BF00BF20
:106AA00055B951482430006820F4E040E16D0843B6
:106AB0004D492431086000E0A8464FF40053D4E962
:106AC00000101940002059404040014335D1206E4C
:106AD000B0F5403F1ED007DC68B1B0F5803F0BD069
:106AE000B0F5003F19D10EE0B0F5802F13D0B0F50E
:106AF000A02F12D110E012E0012104F1080004F0EF
:106B00005BFB05460BE0012104F1280004F006FCC4
:106B1000054604E003E002E001E0012500BF00BFFC
:106B200055B931482430006820F4E020216E084334
:106B30002D492431086000E0A8464FF48042D4E992
:106B4000000110400021134658404940084337D106
:106B5000D4F8AC00B0F1405F1ED007DC68B1B0F1F2
:106B6000805F0BD0B0F1005F19D10EE0B0F1804F23
:106B700013D0B0F1A04F12D110E012E0012104F1C6
:106B8000080004F019FB05460BE0012104F1280080
:106B900004F0C4FB054604E003E002E001E0012547
:106BA00000BF00BF5DB910482C30006820F0E04005
:106BB000D4F8AC1008430C492C31086000E0A8461A
:106BC0004FF40043D4E900011840002158404940E7
:106BD00008432AD1E06EB8B1B0F1805F06D0B0F1C1
:106BE000005F12D109E000002C440258F948006807
:106BF00040F40030F749086009E0012104F1080081
:106C000004F0DAFA054602E001E0012500BF00BF0A
:106C100055B9F0482430006820F04050E16E084338
:106C2000EC492431086000E0A8464FF08073D4E9B5
:106C300000101940002059404040014328D1A06C69
:106C4000A8B1012804D0022809D0032810D10DE0F2
:106C5000E048006840F40030DE4908600AE00221A4
:106C600004F1080004F0A8FA054603E002E001E0A0
:106C7000012500BF00BF55B9D6482030006820F07C
:106C80000300A16C0843D3492031086000E0A84606
:106C90004FF48003D4E900101940002059404040CF
:106CA00001437DD1CC48006840F48070CA49086037
:106CB000FEF7DCFA064606E0FEF7D8FA801B6428E9
:106CC00001D9032505E0C448006800F4807000285D
:106CD000F2D000BF85BBBF484430006800F440706C
:106CE000B4F8B01001F44071884213D0B948443070
:106CF000006820F44077B7484430006840F48030A2
:106D0000B449443108600846006820F480300860C7
:106D100008460760D4F8B000B0F5807F15D1FEF7C3
:106D2000A5FA064609E0FEF7A1FA801B41F2883178
:106D3000884202D9032507E038E0A64844300068BD
:106D4000C0F340000028EED000BF55BB00BFB4F830
:106D5000B00000F44070B0F5407F0ED19D481C3863
:106D6000006820F47C519D4AD4F8B000104041EAFC
:106D7000101098491C39086007E096481C380068D4
:106D800020F47C5093491C390860924844300068D4
:106D9000B4F8B010C1F30B0108438E49443101E04F
:106DA00005E001E0086002E0A84600E0A8460122F4
:106DB000D4E90001104000211346584049400843DF
:106DC00030D1A06F18281AD005DC48B1082808D0A7
:106DD000102817D10CE0202812D0282812D110E05A
:106DE00012E0012104F1080004F0E6F905460BE089
:106DF000012104F1280004F091FA054604E003E0C3
:106E000002E001E0012500BF00BF55B971482830FC
:106E1000006820F03800A16F08436E4928310860EF
:106E200000E0A8460223D4E9001019400020594090
:106E30004040014329D1606F062816D2DFE800F0F8
:106E400003040B12131412E0012104F1080004F0F2
:106E5000B3F905460BE0012104F1280004F05EFAC5
:106E6000054604E003E002E001E0012500BF00BFA9
:106E700055B958482830006820F00700616F084372
:106E800054492831086000E0A8460422D4E90010E3
:106E90001140002013465940404001432BD1D4F803
:106EA0009000062816D2DFE800F003040B1213143A
:106EB00012E0012104F1080004F07EF905460BE020
:106EC000012104F1280004F029FA054604E003E05A
:106ED00002E001E0012500BF00BF5DB93D482C3054
:106EE000006820F00700D4F89010084339492C318D
:106EF000086000E0A8462023D4E9000118400021E2
:106F000058404940084337D1D4F88C00B0F1405F75
:106F10001ED007DC68B1B0F1805F0BD0B0F1005F2C
:106F200019D10EE0B0F1804F13D0B0F1A04F12D1C3
:106F300010E012E0002104F1080004F03DF90546DC
:106F40000BE0022104F1280004F0E8F9054604E012
:106F500003E002E001E0012500BF00BF5DB91D486C
:106F60002830006820F0E040D4F88C10084319491C
:106F70002831086000E0A8464023D4E900101940F9
:106F800000205940404001433CD1D4F89800B0F56E
:106F9000406F25D007DC68B1B0F5806F0BD0B0F53D
:106FA000006F20D10EE0B0F5805F1AD0B0F5A05F81
:106FB00019D117E019E0002104F1080004F0FCF8F1
:106FC000054612E0022104F1280004F0A7F9054665
:106FD0000BE000002C44025800480258FFFCFF0F51
:106FE00003E002E001E0012500BF00BF4DB9FE480B
:106FF000006820F4E050D4F898100843FA4908607B
:1070000000E0A8468023D4E9001019400020594030
:107010004040014335D1D4F89C00B0F5C04F1ED09C
:1070200007DC68B1B0F5005F0BD0B0F5804F19D127
:107030000EE0B0F5004F13D0B0F5204F12D110E0A4
:1070400012E0002104F1080004F0B6F805460BE058
:10705000022104F1280004F061F9054604E003E090
:1070600002E001E0012500BF00BF4DB9DE48006825
:1070700020F46040D4F89C100843DB49086000E02D
:10708000A8460823D4E9000118400021584049408F
:10709000084317D1D4F88000B0F5805F07D10221F2
:1070A00004F1280004F03AF908B14FF00108CE4885
:1070B000001F006820F44050D4F880100843CA49EB
:1070C000091F08601023D4E900011840002158402E
:1070D0004940084315D1D4F89400B0F5807F07D11A
:1070E000022104F1280004F019F908B14FF0010859
:1070F000BD48006820F44070D4F894100843BA49A1
:1071000008604FF40023D4E90001184000215840E2
:107110004940084327D1D4F8A00030B1B0F5803FF2
:107120000AD0B0F5003F0FD10DE0002104F10800B6
:1071300004F042F8054609E0022104F1280004F0B9
:10714000EDF8054602E001E0012500BF00BF4DB9A2
:10715000A548006820F44030D4F8A0100843A249A4
:10716000086000E0A8464FF48023D4E900011840ED
:1071700000215840494008432DD1D4F88400B0F58F
:10718000801F06D0B0F5001F0CD0B0F5401F11D104
:107190000FE095482C38006840F4003092492C39B3
:1071A000086009E0012104F1280004F0B7F8054661
:1071B00002E001E0012500BF00BF5DB98A48001F61
:1071C000006820F44010D4F8841008438649091F51
:1071D000086000E0A8464FF48032D4E90001104076
:1071E0000021134658404940084325D1206D18B16D
:1071F000B0F5803F10D108E07B482C38006840F49F
:10720000003079492C39086008E0022104F10800B7
:1072100003F0D2FF054601E0012500BF00BF55B9CC
:1072200071480C38006820F48030216D08436E49A5
:107230000C39086000E0A8464FF00053D4E9001074
:107240001940002059404040014307D1022104F178
:10725000280004F063F808B14FF001084FF4003241
:10726000D4E900011040002113465840494008432A
:1072700027D1E06FA0B1B0F5807F06D0B0F5007FD8
:107280000CD0B0F5407F0CD109E057482C3800688D
:1072900040F4003054492C39086004E003E002E077
:1072A00001E0012500BF00BF55B94F48001F00682D
:1072B00020F44070E16F08434B49091F086000E06B
:1072C000A8464FF48012D4E9001011400020134664
:1072D00059404040014309D143480838006820F034
:1072E0000040216F08434049083908604FF40013FB
:1072F000D4E900011840002158404940084309D111
:1073000039480838006820F08070A16E084336497B
:10731000083908604FF08043D4E90010194000207C
:1073200059404040014311D100BF2F484838006800
:1073300020F400402C494839086008460068D4F819
:10734000B410084328494839086000BF4FF0004294
:10735000D4E9000110400021134658404940084339
:1073600009D121480C38006820F04050616D084375
:107370001D490C3908604FF40002D4E90010114097
:10738000002013465940404001430AD11648001FCF
:10739000006820F44000D4F8881008431249091FFF
:1073A00008600122002160681040494050400143BC
:1073B00006D104F1080003F0FFFE054605B1A8461A
:1073C000022200216068104049405040014307D12B
:1073D000012104F1080003F0EFFE054605B1A846BF
:1073E00004230020616801E0584402581940042237
:1073F00040405140084307D1022104F1080003F046
:10740000DBFE054605B1A846082300206168194047
:10741000082240405140084307D1002104F12800D0
:1074200003F07CFF054605B1A846102300206168E3
:107430001940102240405140084307D1012104F176
:10744000280003F06BFF054605B1A8462022002165
:107450006068104049405040014307D1022104F1C7
:10746000280003F05BFF054605B1A846B8F1000F00
:1074700002D10020BDE8F0810120FBE72DE9F041B9
:1074800004460D4614B90120BDE8F081BD480068EE
:1074900000F00F00A8420ED2BA48006820F00F009A
:1074A0002843B84908600846006800F00F00A84269
:1074B00001D00120E8E7207800F0040004280ED174
:1074C000B1492069096801F07001884207D9AE48C6
:1074D000006820F0700021690843AB4908602078FB
:1074E00000F00800082811D1A749091D6069096842
:1074F00001F07001884209D9A348001D006820F0FE
:10750000700061690843A049091D0860207800F0F7
:107510001000102811D19C49091DA069096801F4C7
:10752000E061884209D99848001D006820F4E060B5
:10753000A16908439449091D0860207800F02000E3
:10754000202811D190490831E069096801F07001E3
:10755000884209D98C480830006820F07000E16941
:107560000843894908310860207800F002000228A9
:107570000ED18549E068096801F00F01884207D9FA
:107580008148006820F00F00E16808437E490860E8
:10759000207800F00100002850D07B48006820F4DB
:1075A0007060A1680843784908606068022807D1C4
:1075B000754818380068C0F34040F8B9012063E707
:1075C0006068032807D1704818380068C0F340602D
:1075D000A0B9012058E76068012807D16A48183827
:1075E0000068C0F3002048B901204DE7664818380C
:1075F0000068C0F3800008B9012045E762480838F8
:10760000006820F00700616808435F490839086096
:10761000FDF72CFE064608E0FDF728FE801B41F230
:107620008831884201D903202EE75748083800687E
:1076300000F038006168B0EBC10FEDD1207800F0A8
:10764000020002280ED15049E068096801F00F01DC
:10765000884207D24C48006820F00F00E1680843D8
:10766000494908604748006800F00F00A8420ED959
:107670004448006820F00F0028434249086008464B
:10768000006800F00F00A84201D00120FCE620783D
:1076900000F0040004280ED13B492069096801F07C
:1076A0007001884207D23848006820F070002169D4
:1076B000084335490860207800F00800082811D1F7
:1076C0003149091D6069096801F07001884209D2D9
:1076D0002D48001D006820F07000616908432A49A8
:1076E000091D0860207800F01000102811D12649EB
:1076F000091DA069096801F4E061884209D22248A5
:10770000001D006820F4E060A16908431E49091DBE
:107710000860207800F02000202811D11A49083193
:10772000E069096801F07001884209D21648083002
:10773000006820F07000E1690843134908310860CF
:1077400000F0ACF810490968C1F303210F4A515CFD
:1077500001F01F0120FA01F70B48006800F00F004C
:107760001146085C00F01F0027FA00F00849086085
:107770000848076008480068FDF7BAFD80464046A3
:1077800082E600000020005218440258342E0108FE
:107790002C00002428000024200000243F22026046
:1077A000174A126802F007024260154A083212684E
:1077B00002F470628260124A0832126802F00F020C
:1077C000C2600F4A0832126802F0700202610C4A6D
:1077D0000C32126802F070024261094A0C321268DF
:1077E00002F4E0628261064A1032126802F070020E
:1077F000C261044A126802F00F020A60704700007A
:10780000104402580020005210B500F047F80D490E
:107810000968C1F303210C4A515C01F01F0120FAF1
:1078200001F40848006800F00F001146085C00F001
:107830001F0024FA00F00549086005480460084666
:10784000006810BD18440258342E01082C00002492
:107850002800002400B5FFF7D7FF05490968C1F3E8
:107860000211044A515C01F01F01C84000BD000034
:107870001C440258342E010800B5FFF7C5FF054926
:107880000968C1F30221044A515C01F01F01C8409C
:1078900000BD00001C440258342E0108F0B5824E91
:1078A000366806F0380636B1082E15D0102E15D0E1
:1078B000182E7DD114E07C4E103E3668C6F340167B
:1078C00046B1794E103E3668C6F3C107774E26FAA8
:1078D00007F000E07548E5E07548E3E07548E1E051
:1078E000714E1836366806F003046F4E1836366847
:1078F000C6F305116C4E1C36366806F001056A4E5B
:1079000024363668C6F3CC0616FB05F601EE106A7F
:10791000B8EE410A002971D024B1012C50D0022CBC
:107920006DD16DE0604E103E3668C6F340163EB332
:107930005D4E103E3668C6F3C1075C4E26FA07F36B
:1079400001EE103AF8EE411A01EE101AB8EE411AA3
:1079500081EE812A9FED581AC0EE011A524E203650
:107960003668C6F3080601EE106AB8EE411A31EE29
:10797000811AF7EE001A31EE211A62EE010A1EE0BA
:1079800001EE101AB8EE411ADFED4C1A81EE812A91
:107990009FED491AC0EE011A434E20363668C6F3F1
:1079A000080601EE106AB8EE411A31EE811A00E0C5
:1079B00076E0F7EE001A31EE211A62EE010A5BE082
:1079C00001EE101AB8EE411A9FED3D2AC2EE011ADF
:1079D0009FED391A80EE012A334E20363668C6F301
:1079E000080601EE106AB8EE411A32EE011AB7EE3F
:1079F000002A31EE021A61EE810A3DE04EE01DE000
:107A000001EE101AB8EE411ADFED2E1A81EE812A2E
:107A10009FED291AC0EE011A234E20363668C6F3B0
:107A2000080601EE106AB8EE411A31EE811AF7EE3F
:107A3000001A31EE211A62EE010A1DE001EE101A61
:107A4000B8EE411A9FED1E2AC2EE011A9FED1A1AD6
:107A500080EE012A144E20363668C6F3080601EE81
:107A6000106AB8EE411A32EE011AB7EE002A31EE72
:107A7000021A61EE810A00BF00BF0B4E2036366845
:107A8000C6F34626721C01EE102AB8EE411AC0EE6B
:107A9000811ABCEEE11A11EE100A00E0002001E0AC
:107AA000034800BF00BFF0BD104402580090D0034F
:107AB00000093D0000366E01000000460024744CB1
:107AC0000024744A001BB74B2DE9F047044614B953
:107AD0000120BDE8F087207800F00100002870D078
:107AE000F948006800F03808F7481830D0F80090DE
:107AF000B8F1100F06D0B8F1180F0FD109F003003C
:107B000002280BD1F04810380068C0F3404000282C
:107B10006AD06068002867D10120DAE700BF60689A
:107B2000B0F5803F08D1E8481038006840F4803054
:107B3000E549103908602EE0606868B9E2481038FD
:107B4000006820F48030E049103908600846006879
:107B500020F4802008601EE06068B0F5A02F0DD1F1
:107B6000D9481038006840F48020D749103908609F
:107B70000846006840F4803008600CE0D2481038B5
:107B8000006820F48030D049103908600846006849
:107B900020F48020086000BF606898B1FDF766FBA4
:107BA000054606E0FDF762FB401B642801D903206F
:107BB0008FE7C54810380068C0F340400028F1D076
:107BC00012E012E0FDF752FB054606E0FDF74EFB22
:107BD000401B642801D903207BE7BB4810380068AC
:107BE000C0F340400028F1D100BF207800F002002F
:107BF000022879D1B448006800F03808B24818303B
:107C0000D0F80090B8F1000F05D0B8F1180F35D1B9
:107C100009F0030088BBAC4810380068C0F380004E
:107C200018B1E06808B9012053E7A7481038006888
:107C300020F01900E1680843A34910390860FDF7F6
:107C400015FB054606E0FDF711FB401B022801D994
:107C500003203EE79C4810380068C0F380000028ED
:107C6000F1D099480C38006820F0FE40217C40EAB1
:107C7000016095490C39086045E0FFE7E06838B3DA
:107C800091481038006820F01900E16808438E49D7
:107C900010390860FDF7EAFA054606E0FDF7E6FA56
:107CA000401B022801D9032013E7874810380068D9
:107CB000C0F380000028F1D083480C38006820F021
:107CC000FE40217C40EA01607F490C3908601AE0DF
:107CD0007D481038006820F001007B4910390860A9
:107CE000FDF7C4FA054607E00EE0FDF7BFFA401BBA
:107CF000022801D90320ECE6734810380068C0F36D
:107D000080000028F1D100BF207800F0100010287A
:107D10006FD16D48006800F038086B481830D0F813
:107D20000090B8F1080F06D0B8F1180F1CD109F077
:107D30000300012818D1644810380068C0F30020FF
:107D400020B1E069802801D00120C2E600BF5E4872
:107D5000001F006820F07C5094F8201040EA016079
:107D60005949091F086043E0E06938B356481038A4
:107D7000006840F08000544910390860FDF776FA39
:107D8000054606E0FDF772FA401B022801D90320E0
:107D90009FE64D4810380068C0F300200028F1D05D
:107DA00000BF4948001F006820F07C5094F8201064
:107DB00040EA01604449091F086019E04248103850
:107DC000006820F08000404910390860FDF74EFA45
:107DD000054606E0FDF74AFA401B022801D90320B8
:107DE00077E6394810380068C0F300200028F1D148
:107DF00000BF207800F00800082836D16069D0B1B3
:107E000031486430006840F001002F496431086057
:107E1000FDF72CFA054606E0FDF728FA401B02287C
:107E200001D9032055E6284864300068C0F34000BB
:107E30000028F1D019E024486430006820F00100E7
:107E4000214964310860FDF711FA054606E0FDF7A7
:107E50000DFA401B022801D903203AE61A48643083
:107E60000068C0F340000028F1D1207800F0200025
:107E7000202838D1A069D0B113481038006840F4E8
:107E80008050114910390860FDF7F0F9054606E009
:107E9000FDF7ECF9401B022801D9032019E60A4836
:107EA00010380068C0F340300028F1D01BE00648CD
:107EB0001038006820F48050034910390860FDF73D
:107EC000D5F9054609E0000010440258FDF7CEF947
:107ED000401B022801D90320FBE5D0480068C0F30D
:107EE00040300028F2D1207800F0040004287DD131
:107EF000CB48006840F48070C9490860FDF7B6F9C6
:107F0000054606E0FDF7B2F9401B642801D90320BD
:107F1000DFE5C348006800F480700028F2D000BF9D
:107F2000A068012808D1BD487030006840F0010009
:107F3000BA49703108602DE0A06868B9B748703060
:107F4000006820F00100B5497031086008460068FB
:107F500020F0040008601DE0A06805280DD1AF489E
:107F60007030006840F00400AC4970310860084689
:107F7000006840F0010008600CE0A848703000681C
:107F800020F00100A549703108600846006820F023
:107F90000400086000BFA068A0B1FDF767F90546BE
:107FA00008E0FDF763F9401B41F28831884201D9AE
:107FB00003208EE5994870300068C0F34000002827
:107FC000EFD013E0FDF752F9054608E0FDF74EF952
:107FD000401B41F28831884201D9032079E58F485E
:107FE00070300068C0F340000028EFD1606A0028BC
:107FF0007DD08A481030006800F03800182877D00B
:10800000606A022875D18548006820F08070834935
:108010000860FDF72BF9054606E0FDF727F9401B40
:10802000022801D9032054E57C480068C0F3406071
:108030000028F2D100BFD4E90A1041EA00107749C4
:108040002831096840F2F3329143084373492831DB
:108050000860208E401EC0F30800616B491E4FF47B
:108060007E4202EA41210843218F491ED20102EAE1
:10807000014108433C21095D491E120202EA0161E7
:10808000084366493031086000BF081F006820F0CF
:108090000100091F08606148343000684FF6F8712C
:1080A0008843A16C40EAC1005C49343108605B48F8
:1080B0002C30006820F00C00216C084357492C310B
:1080C00008600846006820F00200616C08435349CC
:1080D0002C3108600846006840F48030086008468B
:1080E000006840F4003008600846006802E092E052
:1080F00038E01FE040F4802008600846006840F047
:10810000010008604548006840F0807043490860FD
:10811000FDF7ACF8054606E0FDF7A8F8401B02287D
:1081200001D90320D5E43D480068C0F34060002831
:10813000F2D070E03948006820F08070374908605C
:10814000FDF794F8054606E0FDF790F8401B02287D
:1081500001D90320BDE431480068C0F34060002825
:10816000F2D158E02D48283007682C483030066896
:10817000606A012821D007F00301A06A81421CD166
:10818000C7F30511E06A884217D1C6F30801206BD6
:10819000401E814211D1606B401EC6F346218842C9
:1081A0000BD1A06B401EC6F30641884205D1E06B9F
:1081B000401EC6F30661884201D0012089E41748B9
:1081C00034300068C0F3CC07A06CB84223D0134809
:1081D0002C30006820F0010010492C310860FDF7B8
:1081E00045F8054600BFFDF741F8401BFBD00B48A2
:1081F000343000684FF6F8718843A16C40EAC10042
:1082000006493431086005482C30006840F0010010
:1082100002492C31086000205BE400000044025851
:1082200000480258704700002DE9F05F04462068BE
:1082300007692068D0F8148007EA08052068D0F89C
:1082400008904FF0000A94F88160206800F1300B2C
:1082500008F40060B0F5006F0ED107F008000828A0
:108260000AD12068806940F4006021688861204656
:1082700000F0B9FABDE8F09F05F0400070B905F0D4
:10828000200058B905F00400042807D12046616F8A
:1082900088472046216F88474FF0010A05F04000CB
:1082A00050B905F0010038B105F0040020B92046AE
:1082B000216F88474FF0010A05F0200058B905F0FA
:1082C0000200022807D105F0040020B92046616FA2
:1082D00088474FF0010ABAF1000F00D0CAE705F055
:1082E0000800082863D12068806940F008002168F0
:1082F00088612068806940F01000216888612068EA
:10830000806940F40060216888612068006920F07D
:108310000800216808612068806800F4404038BB8C
:1083200022E0E0680F2807D92068006B616E0860C2
:10833000606E001D606612E0E068072807D9BBF890
:108340000000616E0880606E801C606607E0206837
:1083500090F83000616E0870606E401C6066B4F882
:108360006A00401EA4F86A00B4F86A000028D8D158
:10837000204603F029F9012084F88100D4F8840014
:1083800018B12046FFF74EFF74E7052E03D12046B3
:1083900000F0ACFB0AE0042E03D1204600F022FAE4
:1083A00004E0032E02D1204600F09FFB62E705F4B3
:1083B000587000287DD005F0400058B1D4F88400F2
:1083C00040F00400C4F884002068806940F0400058
:1083D0002168886105F4007058B1D4F8840040F039
:1083E0000100C4F884002068806940F400702168AE
:1083F000886105F4807058B1D4F8840040F008001A
:10840000C4F884002068806940F480702168886125
:1084100005F0200058B1D4F8840040F08000C4F882
:1084200084002068806940F0200021688861D4F8C9
:108430008400A8B32068006820F00100216808606B
:108440002068006940F26B3188432168086109F4B3
:108450004040B0F5404F25D12068806820F440406E
:1084600021688860E06F60B11348E16F0865E06FD4
:10847000FAF712FB28B1D4F8840040F04000C4F8A9
:108480008400A06F60B10C48A16F0865A06FFAF777
:1084900003FB28B1D4F8840040F04000C4F8840005
:1084A00006E006E0012084F881002046FFF7BAFECE
:1084B000E0E600BFDEE600009FB6000870B50446A7
:1084C0000CB9012070BD606A00B900BF0021A16233
:1084D0006349206888420CD062492068884208D0ED
:1084E00061492068884204D0E0680F2801D9012042
:1084F000E8E7204603F0E1F805465949206888423C
:1085000009D058492068884205D0574920688842D8
:1085100001D0082D0DD852492068884207D0514912
:108520002068884203D050492068884203D1102D2A
:1085300001D90120C6E794F8810028B9002084F809
:108540008000204600F092F8022084F88100206824
:10855000006820F00100216808602068806800F44D
:10856000F816A069B0F1806F11D16068B0F5800F86
:1085700001D1A06B28B1606848B9A06BB0F1805FF1
:1085800005D12068006840F4805021680860606868
:1085900000F48000B0F5800F0BD1E068072808D305
:1085A0002068006820F48070216D0843216808600D
:1085B00005E02068006820F4807021680860A16AE6
:1085C000E06908433043E16B0843E16808432168F0
:1085D0008860616A606B0843A16B0843A169084326
:1085E0002169084361690843216A084361680843B7
:1085F000E16C0843A1680843A16C0843A16D0843DE
:108600002168C860606878B92068806820F4C0502C
:1086100040F40060216888602068806820F4C060B1
:1086200040F48060216888602068006D20F00100BF
:1086300021680865606800F48000B0F5800F07D1FC
:108640002068C06820F00040616D08432168C86060
:108650000020C4F88400012084F88100002031E764
:108660000030014000380040003C004010B5B6B07A
:108670000446142130A8F7F700FFB82102A8F7F745
:10868000FCFE5149206888427DD181140020CDE94B
:108690000210199002A8FEF78DF808B1F9F77EFDD7
:1086A00000BF4A48006840F48040484908600846D6
:1086B000006800F48040019000BF00BF00BF434845
:1086C0000838006840F0040040490839086008464E
:1086D000006800F00400019000BF00BF00BF084622
:1086E000006840F0020008600846006800F00200E0
:1086F000019000BF00BF0620309002203190002082
:108700003290032033900520349030A93048FCF794
:10871000AFFC4FF400503090022031900020329096
:10872000032033900520349030A92A48FCF7A0FCA0
:1087300029482A490860272048600021274881608D
:10874000C1604FF480610161002141618161C161BB
:108750004FF44031016200214162FBF7E5F808B1B6
:10876000F9F71CFD00BF1D48E067846300BF1A488D
:1087700018301B4908602820486040211848816053
:108780000021C16000E01DE04FF480610161002123
:1087900041618161C1614FF4003101620021416298
:1087A000FBF7C2F808B1F9F7F9FC00BF0C48A06765
:1087B000846300BF002205212420FCF715FE24203D
:1087C000FCF7FEFD36B010BD00380040E84402580A
:1087D00000080258000402581000024060050024FE
:1087E000D8050024704770472DE9FF5F04468A468C
:1087F00093461E460E9D0020039020682030029074
:1088000020683030019000BF94F88000012803D127
:10881000022004B0BDE8F09F012084F8800000BF72
:10882000FCF724FD81463746B04694F881000128C4
:1088300008D00220039000BF002084F8800000BF11
:108840000398E6E7BAF1000F03D0BBF1000F00D0A8
:1088500046B90120039000BF002084F8800000BFCB
:108860000398D6E7052084F881000020C4F884002E
:10887000C4F864B0A4F86A60A4F86860C4F85CA0A6
:10888000A4F86260A4F86060206760672068C06830
:1088900020F4C0202168C860206840686FF30F0092
:1088A0003043216848602068006840F0010021687A
:1088B00008606068B0F5800F05D12068006840F45A
:1088C000007021680860E0680F284ED947E02068F2
:1088D000406900F0020002280ED16FB1E06D00681F
:1088E00021680862E06D001DE065B4F86200401E7A
:1088F000A4F86200B4F862702068406948F2080188
:10890000084080B1B8F1000F0DD02068006B616E97
:108910000860606E001D6066B4F86A00401EA4F82E
:108920006A00B4F86A80FCF7A1FCA0EB0900A84239
:1089300001D3681C00B995B9204602F045FE00BF7E
:10894000002084F8800000BFD4F8840040F48070D8
:10895000C4F88400012084F88100032059E7002F27
:10896000B5D1B8F1000FB2D19EE0E06807284CD92C
:1089700045E02068406900F0020002280DD167B18F
:1089800054F85C0F0188029801802068801C2060E8
:10899000E088401EE080E7885C3C2068406900F089
:1089A000010080B1B8F1000F0DD00198008854F893
:1089B000641F08802068801C2060E088401EE080E2
:1089C000B4F80680643CFCF751FCA0EB0900A84217
:1089D00001D3681C00B995B9204602F0F5FD00BF2F
:1089E000002084F8800000BFD4F8840040F4807038
:1089F000C4F88400012084F88100032009E7002FD7
:108A0000B7D1B8F1000FB4D14EE048E0206840691A
:108A100000F0020002280FD177B1E06D00782168E4
:108A200081F82000E06D401CE065B4F86200401E53
:108A3000A4F86200B4F862702068406900F0010098
:108A400088B1B8F1000F0ED0206890F83000616E48
:108A50000870606E401C6066B4F86A00401EA4F89E
:108A60006A00B4F86A80FCF701FCA0EB0900A84298
:108A700001D3681C00B995B9204602F0A5FD00BFDE
:108A8000002084F8800000BFD4F8840040F4807097
:108A9000C4F88400012084F881000320B9E6002F87
:108AA000B4D1B8F1000FB1D12B46002208212046E5
:108AB000CDF8009002F00EFE28B1D4F8840040F00A
:108AC0002000C4F88400204602F07EFD00BF002094
:108AD00084F8800000BF012084F88100D4F884006D
:108AE00008B1012095E6039893E6704770477047F8
:108AF0007047704730B502460B4600BF92F83C0005
:108B0000012801D1022030BD012082F83C0000BFC5
:108B1000022082F83D001068416810688468254D85
:108B20001068A84203D0244D1068A84203D121F454
:108B300070015868014321F0700118680143106802
:108B400041601C4D1068A84223D01068B0F1804FDE
:108B50001FD01A4D1068A8421BD0194D1068A842AA
:108B600017D0184D1068A84213D0134D1068A842B2
:108B70000FD0154D1068A8420BD0144D1068A842B4
:108B800007D0134D1068A84203D0124D1068A842B8
:108B900005D124F0800498680443106884600120A3
:108BA00082F83D0000BF002082F83C0000BF00BFFB
:108BB000A9E700000000014000040140000400405B
:108BC00000080040000C0040001800400040014038
:108BD00000E0004000E4004010B504460CB901205C
:108BE00010BD94F83D0028B9002084F83C002046D0
:108BF00000F029F8022084F83D00211D206802F0D1
:108C00008BFE012084F8480000BF84F83E0001215B
:108C10003F2001554020015541200155422001557A
:108C20004320015500BF00BF012084F844004520C7
:108C30000155462001554720015500BF012084F809
:108C40003D000020CCE77047014691F83D00012827
:108C500001D001207047022081F83D000868C068FB
:108C600040F001000B68D860204B0868984223D080
:108C70000868B0F1804F1FD01D4B086898421BD088
:108C80001C4B0868984217D01B4B0868984213D0B9
:108C90001A4B086898420FD0194B086898420BD0BD
:108CA000184B0868984207D0174B0868984203D0C1
:108CB000164B0868984210D108688068144B00EA87
:108CC0000302062A0FD0B2F5803F0CD00868006876
:108CD00040F001000B68186005E00868006840F08B
:108CE00001000B6818600020B4E70000000001409C
:108CF0000004004000080040000C00400004014057
:108D0000001800400040014000E0004000E4004046
:108D100007000100704710B5044620680069C0F3E1
:108D20004000D8B12068C068C0F34000B0B16FF017
:108D3000020021680861012020772068806900F026
:108D4000030018B12046FFF7E5FF05E0204600F0DC
:108D5000EDF8204600F0F2F9002020772068006945
:108D6000C0F38000D8B12068C068C0F38000B0B103
:108D70006FF0040021680861022020772068806974
:108D800000F4407018B12046FFF7C4FF05E020460C
:108D900000F0CCF8204600F0D1F9002020772068C0
:108DA0000069C0F3C000D8B12068C068C0F3C0003B
:108DB000B0B16FF0080021680861042020772068B6
:108DC000C06900F0030018B12046FFF7A3FF05E0DB
:108DD000204600F0ABF8204600F0B0F900202077E4
:108DE00020680069C0F30010D8B12068C068C0F3E3
:108DF0000010B0B16FF010002168086108202077E2
:108E00002068C06900F4407018B12046FFF782FF67
:108E100005E0204600F08AF8204600F08FF9002097
:108E200020772068006900F0010058B12068C06810
:108E300000F0010030B16FF00100216808612046A8
:108E400000F07DF920680069C0F3C01058B12068B7
:108E5000C068C0F3C01030B16FF0800021680861B5
:108E60002046FFF745FE20680069C0F3002058B196
:108E70002068C068C0F3C01030B16FF48070216802
:108E800008612046FFF733FE20680069C0F38010B8
:108E900058B12068C068C0F3801030B16FF0400056
:108EA00021680861204600F053F920680069C0F38A
:108EB000401058B12068C068C0F3401030B16FF066
:108EC0002000216808612046FFF713FE10BD000056
:108ED00010B586B00446142101A8F7F7CEFA104960
:108EE0002068884219D100BF0E48006840F0020097
:108EF0000C4908600846006800F00200009000BFBE
:108F000000BF0220019002900020039004900220F4
:108F1000059001A90448FCF7ABF806B010BD0000AD
:108F200000040040E04402580004025870472DE954
:108F3000F04104460D461646002700BF94F83C0059
:108F4000012802D10220BDE8F081012084F83C0014
:108F500000BF0C2E51D005DC4EB1042E1ED0082EC1
:108F60007AD133E0102E60D0142EF9D175E0294665
:108F7000206802F041FD2068806940F00800216807
:108F800088612068806920F0040021688861206879
:108F90008069296908432168886178E0294620684A
:108FA00002F080FD2068806940F4006021688861DB
:108FB0002068806920F48060216888612068806969
:108FC000296940EA01202168886160E0294620681B
:108FD00002F0C2FD2068C06940F008002168C86145
:108FE0002068C06920F004002168C8612068C06959
:108FF000296908432168C86149E02946206802F0D0
:1090000005FE2068C06940F400602168C8612068DE
:10901000C06920F480602168C8612068C06929693E
:1090200040EA01202168C86131E02946206802F049
:1090300027FE2068406D40F00800216848652068E0
:10904000406D20F00400216848652068406D296962
:109050000843216848651AE017E02946206802F0B5
:1090600047FE2068406D40F4006021684865206834
:10907000406D20F48060216848652068406D296952
:1090800040EA01202168486501E0012700BF00BFD8
:1090900000BF002084F83C0000BF384653E710B5FD
:1090A00004460CB9012010BD94F83D0028B90020F9
:1090B00084F83C00204600F029F8022084F83D00A6
:1090C000211D206802F028FC012084F8480000BF20
:1090D00084F83E0001213F200155402001554120E8
:1090E0000155422001554320015500BF00BF01201A
:1090F00084F844004520015546200155472001557C
:1091000000BF012084F83D000020CCE708B5094AE3
:10911000016891420DD100BF0749096841F0020181
:10912000054A11601146096801F00201009100BF73
:1091300000BF08BD00040040E8440258704710B565
:1091400004462068B0F1804F01D1FCF795F810BDBE
:109150007047014600BF91F88400012801D1022028
:109160007047012081F8840000BF2420C1F88800E6
:10917000086802680868006820F001000B68186041
:1091800022F0005200204866086802602020C1F8E2
:10919000880000BF002081F8840000BF00BFDFE727
:1091A0007047704770B504460D4600BF94F88400C0
:1091B000012801D1022070BD012084F8840000BF85
:1091C0002420C4F88800206806682068006820F021
:1091D0000100216808602068806820F060602843F2
:1091E00021688860204602F0BBFD206806602020D0
:1091F000C4F8880000BF002084F8840000BF00BFCE
:10920000D9E770B504460D4600BF94F884000128E4
:1092100001D1022070BD012084F8840000BF242009
:10922000C4F88800206806682068006820F0010003
:10923000216808602068806820F060402843216829
:109240008860204602F08CFD206806602020C4F86B
:10925000880000BF002084F8840000BF00BFD9E769
:1092600070477047704700002DE9F04704462068BA
:10927000C569206806682068876840F60F0005EA1F
:109280000009B9F1000F0FD105F0200060B106F020
:10929000200010B907F0805030B1606F10B1204647
:1092A000616F8847BDE8F087B9F1000F7ED0FE48B6
:1092B000384018B9FD4830400028F7D005F00100CB
:1092C00058B106F4807040B1012021680862D4F8DA
:1092D000900040F00100C4F8900005F0020058B181
:1092E00007F0010040B1022021680862D4F8900024
:1092F00040F00400C4F8900005F0040058B107F0F5
:10930000010040B1042021680862D4F8900040F0C8
:109310000200C4F8900005F0080070B106F02000CB
:1093200010B9E148384040B1082021680862D4F8FB
:10933000900040F00800C4F8900005F4006060B1AF
:1093400006F0806048B14FF4006021680862D4F8EC
:10935000900040F02000C4F89000D4F8900000285D
:1093600052D005F0200050B106F0200010B907F0EF
:10937000805020B1606F10B12046616F8847D4F8EB
:1093800090A02068806800F04000402802D00AF0D9
:10939000280070B3204602F0A5FE2068806800F027
:1093A0004000402826D100BF00BF00E02DE021682A
:1093B000083151E8001F21F040002168083141E8E0
:1093C0000002002AF1D100BFD4F8800068B1B8488B
:1093D000D4F880100865D4F88000F9F75DFB98B1E7
:1093E000D4F88000016D88470EE02046FFF73AFF71
:1093F0000AE003E02046FFF735FF05E02046FFF7CF
:1094000031FF0020C4F890004CE7E06E01287DD1C8
:1094100005F01000002879D006F010000028FAD0DE
:109420001020216808622068806800F04000402811
:109430006DD1D4F8800000689E4988426BD0D4F882
:10944000800000689B491831884264D0D4F88000BD
:1094500000689849303188425DD0D4F880000068B7
:1094600094494831884256D0D4F880000068914928
:10947000603188424FD0D4F8800000688D4978313F
:10948000884248D0D4F8800000688A4990318842E8
:1094900041D0D4F8800000688649A83188423AD08B
:1094A000D4F8800000688449884234D0D4F8800021
:1094B00000688149183188422DD0D4F880000068B6
:1094C0007D493031884226D0D4F8800000687A493E
:1094D000483188421FD0D4F8800000687649603156
:1094E000884218D0D4F880000068734978318842E7
:1094F00011D0D4F8800000686F49903188420AD0BA
:10950000D4F8800000686C49A83102E0AEE069E060
:1095100001E0884204D1D4F880000068406803E08C
:10952000D4F88000006840681FFA80F8B8F1000F96
:1095300057D0B4F85C00404553DDA4F85E80D4F801
:109540008000C069B0F5807F40D000BF00BF2168B7
:1095500051E8001F21F48070226842E800010029D0
:10956000F5D100BF00BF00BF2168083151E8001FDE
:1095700021F001002168083141E80002002AF3D1FE
:1095800000BF00BF00BF2168083151E8001F21F073
:1095900040002168083141E80002002AF3D100BFF1
:1095A0002020C4F88C000020E06600BF00BF2168C6
:1095B00051E8001F21F01000226842E80001002954
:1095C000F5D100BFD4F88000F8F7F8FF022020673B
:1095D000B4F85C00B4F85E20801A81B22046FFF730
:1095E000DFFD5FE634F85C0F6188401A1FFA80F8EF
:1095F00060885C3CC8B3B8F1000F36D000BF00BF34
:10960000216851E8001F21F49070226842E80001AF
:109610000029F5D100BF00BF00BF2168083151E823
:10962000001F214AD24301EA02002168083141E8C3
:109630000002002AF1D100BF2020C4F88C000020D5
:10964000E066606700BF00BF216851E8001F21F09D
:109650001000226842E800010029F5D100BF022075
:10966000206741462046FFF79BFD1BE605F480106E
:1096700050B107F4800038B14FF4801021680862BF
:109680002046FFF7EEFD0DE605F08000B0B106F0D4
:10969000800010B907F4000080B1A06F10B120461F
:1096A000A16F8847FEE500000100001020010004C2
:1096B0009BBF0008100002401004024005F040006B
:1096C00030B106F0400018B1204602F041FDE9E556
:1096D00005F4000030B106F0804018B12046FFF7D5
:1096E000BFFDDFE505F0807030B106F0004018B135
:1096F0002046FFF756FDD5E500BFD3E510B504467B
:109700000CB9012010BDA06900B100E000BFD4F881
:10971000880028B9002084F88400204600F02AF848
:109720002420C4F888002068006820F00100216827
:109730000860204602F044FD012800D1E2E7A06A5B
:1097400010B1204602F038FB2068406820F49040B9
:10975000216848602068806820F02A0021688860BD
:109760002068006840F0010021680860204602F08F
:109770009FFBC7E710B5B6B00446142130A8F6F732
:109780007CFEB82102A8F6F778FE334920688842AB
:109790005FD101210020CDE90210209002A8FDF741
:1097A00009F808B1F8F7FAFC00BF2C48006840F04F
:1097B00010002A4908600846006800F01000019077
:1097C00000BF00BF00BF25481038006840F001000E
:1097D0002249103908600846006800F00100019035
:1097E00000BF00BF4FF4C0603090022031900020D5
:1097F000329033900720349030A91948FBF738FC99
:1098000018481949086029204860002116488160DD
:10981000C1604FF4806101610021416181614FF4B9
:109820008071C1614902016200214162FAF77CF84E
:1098300008B1F8F7B3FC00BF0B48C4F8800084639C
:1098400000BF002205212520FBF7CEFD2520FBF7D8
:10985000B7FD36B010BD000000100140F0440258C2
:1098600000000258400002403007002470B5044652
:109870000D461646D4F88C00202821D105B10EB92A
:10988000012070BD0020E0660E492068884211D09A
:109890002068406800F4000060B100BF00BF21688C
:1098A00051E8001F41F08060226842E80001002971
:1098B000F5D100BF32462946204602F095FFE0E789
:1098C0000220DEE7000C005870477047704700BF69
:1098D000FEE7000010B59FED071ADFED070AB7EEAF
:1098E000000A064806F008FF9FED050A054880EDCE
:1098F000100A10BD6F12833A000000006C82002431
:109900004ED1113CD881002400BF00F001F8FCE7E3
:109910000EB5FFF7DFFF84E1C248F8F7A5FAC248A9
:1099200080ED000A90ED000AC04880ED020AC048B0
:10993000F7F70EF9BE4890ED000ABE4880ED070A21
:10994000BB4890ED010ABB4880ED080AB84890ED8D
:10995000020AB84880ED090AB54890ED000AB648F9
:1099600080ED000AB24890ED010AB34880ED010A8B
:10997000AF4890ED020AB04880ED020AAC4890ED85
:10998000030AAC4880ED040AA94890ED040AA948EE
:1099900080ED050AA64890ED050AA64880ED060A66
:1099A000A34890ED030AA54880ED000AA04890ED79
:1099B000040AA24880ED010A9D4890ED050A9F48DF
:1099C00080ED020A9C48D0ED022A90ED012AD0EDEC
:1099D000001A9A4890ED021AD0ED010A90ED000AA3
:1099E000924806F0A5FE914806F0D6FE8F4806F094
:1099F000AEFE8E4801F048FD8C4890ED0C0A8D4873
:109A000080ED000A894890ED0D0A8A4880ED010A30
:109A1000864890ED0E0A874880ED020A834890ED53
:109A20000F0A844880ED030A024669468448F8F725
:109A300008FB002039E07F491C3101EB800191EDEA
:109A4000000A694601EB8001D1ED000A30EE600AA0
:109A50007549D1ED000A60EE200A764991ED100AB1
:109A6000714991ED001A30EE011A80EE810A7149B8
:109A7000283101EB8001D1ED000A6E4991ED101AF9
:109A800060EE810A91ED101A6749D1ED001A31EEAE
:109A9000211AC0EE811A30EE210A6649283101EB05
:109AA000800181ED000A411CC8B20328C3DB614A72
:109AB00002F13401A1F10C00F7F77EFA5D4890ED58
:109AC0000D0AF0EEC00A9FED5F0AF4EEC00AF1EE57
:109AD00010FA03D29FED5C0A80ED0D0A554890ED17
:109AE0000E0AF0EEC00A9FED570AF4EEC00AF1EE3E
:109AF00010FA03D29FED540A80ED0E0A4D4890ED06
:109B00000F0AF0EEC00A9FED510AF4EEC00AF1EE22
:109B100010FA08D29FED4C0A80ED0F0A4C480068FD
:109B2000401C4B4908604B4890ED000ADFED4A0AA3
:109B3000B4EEE00AF1EE10FA66DD3E4890ED220A3E
:109B4000D0ED0E0A9FED451A00EE810A80ED220A43
:109B500090ED230AD0ED220A9FED401A00EE810A13
:109B600080ED230A0120334981F890002F4890EDC1
:109B70001A0A084680ED1C0A2C4890ED190A08467E
:109B800080ED1D0A294890ED1B0A084680ED1E0A4B
:109B900090ED1E0AD0ED200A30EE600ADFED300AAB
:109BA000B4EEE00AF1EE10FA08DD90ED210AF7EECE
:109BB000000A30EE600A80ED210A15E01D4890EDA4
:109BC0001E0AD0ED200A30EE600ADFED260AB4EE60
:109BD000E00AF1EE10FA07D290ED210AF7EE000A42
:109BE00030EE200A80ED210A124890ED1E0AD0EDD9
:109BF000210A9FED1D1A01EE200A80ED1F0A90ED4B
:109C00001E0A80ED200A08E0124890ED000AF7EEE7
:109C1000000A30EE200A80ED000A012007F09CF8CF
:109C200000BF79E620010024240100246C82002476
:109C300000080024D8810024FC820024F082002443
:109C4000140100240AD7A33C000000000AD7233DDA
:109C50002C0100242801002400803B456F12833A28
:109C6000DA0F4940DA0F49C0560EC94030B50B46ED
:109C7000002100BF16E00A24B4EB107F05D9302480
:109C800004EB107403F8114005E0412404EB107458
:109C90000A3C03F81140000100254C00641C1D55CE
:109CA0004C1CE1B29142E6DB30BD00000FB583B041
:109CB0000420FE4908800820FD490880DDE90310E2
:109CC00008730399059848730399069888730021CF
:109CD000039801740698029006F0E4FE0399486127
:109CE000069802900398406901900299F6F7C5FB27
:109CF000EE48008806994843029006F0D3FE039987
:109D00008861EA4800880699484302900398806970
:109D100001900299F6F7B1FBE448008806994843A0
:109D2000029006F0BFFE0399C861E04800880699DA
:109D3000484302900398C06901900299F6F79DFB91
:109D4000DA48008804994843029006F0ABFE039974
:109D50000862D64800880499484302900398006A34
:109D600001900299F6F789FB0698029006F09AFE98
:109D700003994862069802900398406A01900299FC
:109D8000F6F77BFBC948008804994843029006F027
:109D900089FE03990860C5480088049948430290E9
:109DA0000398006801900299F6F767FBBF480088A6
:109DB00006994843029006F075FE03994860BB4837
:109DC00000880699484302900398406801900299E0
:109DD000F6F753FBB548008805994843029006F012
:109DE00061FE03998860B148008805994843029054
:109DF0000398806801900299F6F73FFBAB48008812
:109E000004994843029006F04DFE0399C1F8F00012
:109E1000A64800880499484302900398D0F8F000BF
:109E200001900299F6F729FB0398D0F8F000029010
:109E30000398007B019001220146DDE902303030B9
:109E4000F6F7BCFB9948008804994843029006F055
:109E500029FE0399C1F8F400944800880499484306
:109E600002900398D0F8F40001900299F6F705FBF0
:109E70000398D0F8F40002900398007B019001222F
:109E80000146DDE902303830F6F798FB059818B343
:109E90008648008805994843029006F003FE03991E
:109EA000C1F8F8008148008805994843029003985A
:109EB000D0F8F80001900299F6F7DFFA0398D0F88D
:109EC000F80002900398407B019001220146DDE9F1
:109ED00002304030F6F772FB744800880699484318
:109EE000029006F0DFFD0399C1F8FC006F4800887E
:109EF0000699484302900398D0F8FC00019002991B
:109F0000F6F7BBFA0398D0F8FC0002900398807B28
:109F1000019001220146DDE902304830F6F74EFBA0
:109F200062480088049948434843029006F0BAFD0D
:109F30000399C1F800015D480088049948434843EB
:109F400002900398D0F8000101900299F6F795FA73
:109F50000398D0F8000102900398007B01900398C9
:109F6000007B00900146DDE902305030019AF6F79F
:109F700025FB4E480088049948434843029006F068
:109F800091FD0399C1F804014848008804994843A9
:109F9000484302900398D0F8040101900299F6F723
:109FA0006CFA0398D0F8040102900398007B0190AA
:109FB0000398007B00900146DDE902305830019A99
:109FC000F6F7FCFA39480088049948434843029060
:109FD00006F068FD0399C1F8080134480088049927
:109FE00048434843029006F05DFD0399C1F80C0117
:109FF0002E48008804994843484302900398D0F8BB
:10A00000080101900299F6F738FA28480088049967
:10A010004843484302900398D0F80C0101900299FC
:10A02000F6F72BFA0398D0F8080102900398007B0A
:10A0300001900398007B00900146DDE9023060301A
:10A04000019AF6F7BBFA0398D0F80C010290039836
:10A05000007B01900398007B00900146DDE902300F
:10A060006830019AF6F7AAFA059878B30F48008885
:10A070000499484305994843029006F013FD03995B
:10A08000C1F81401094800880499484305994843D8
:10A0900002900398D0F8140101900299F6F7EDF9B7
:10A0A0000398D0F814010290039803E08000002484
:10A0B00082000024407B01900398007B00900146C1
:10A0C000DDE902307830019AF6F778FAB94800886D
:10A0D0000699484304994843029006F0E3FC03992B
:10A0E000C1F81801B34800880499484306994843C9
:10A0F000029006F0D7FC0399C1F81C01AD48008816
:10A10000069948430499484302900398D0F81801EF
:10A1100001900299F6F7B1F9A648008804994843DE
:10A120000699484302900398D0F81C0101900299C7
:10A13000F6F7A3F90398D0F8180102900398007B72
:10A1400001900398807B00900146DDE90230803069
:10A15000019AF6F733FA0398D0F81C01029003989D
:10A16000807B01900398007B00900146DDE902307E
:10A170008830019AF6F722FA8E48008804994843FD
:10A180004843029006F08EFC0399C1F820018948EB
:10A19000008804994843484302900398D0F820016E
:10A1A00001900299F6F769F90398D0F8200102901E
:10A1B0000398007B01900398007B00900146DDE945
:10A1C00002309030019AF6F7F9F97A48008806993A
:10A1D00048434843029006F065FC0399C1F8240106
:10A1E0007448008806994843484302900398D0F881
:10A1F000240101900299F6F740F90398D0F8240160
:10A2000002900398807B01900398807B0090014628
:10A21000DDE902309830019AF6F7D0F965480088F8
:10A220000499484306994843029006F03BFC039981
:10A23000C1F828015F4800880499484306994843BB
:10A2400002900398D0F8280101900299F6F715F9C9
:10A250000398D0F8280102900398807B019003981E
:10A26000007B00900146DDE90230A030019AF6F74C
:10A27000A5F90398007B4F49098848430399097B56
:10A280004843029006F00EFC0399C1F82C01039894
:10A29000007B4849098848430399097B4843029059
:10A2A00006F000FC0399C1F830010398007B414996
:10A2B000098848430399097B4843029006F0F2FB62
:10A2C0000399C1F834010398007B3A49098848434F
:10A2D000029006F0E7FB0399C1F838010398007B70
:10A2E000344909884843029006F0DCFB0399C1F821
:10A2F0003C010398D0F82C0102900398007B019058
:10A300000398007B00900146DDE90230A830019AF5
:10A31000F6F754F90398D0F8300102900398007BC7
:10A3200001900398007B00900146DDE90230B030D7
:10A33000019AF6F743F90398D0F834010290039894
:10A34000007B01900398007B00900146DDE902301C
:10A35000B830019AF6F732F90398D0F83801029034
:10A360000398007B019001220146DDE90230C030F4
:10A37000F6F724F90398D0F83C0102900398007B8B
:10A38000019001220146DDE90230C830F6F716F9E6
:10A390000021039880F82810039880F8291003986A
:10A3A00080F82A10039880F82B10039880F82C105E
:10A3B00007B000BD8000002410B52DED048BB0EE79
:10A3C000408A0446F0EE488A28EE080AB0EE409A29
:10A3D00028EE080A20EE080AF0EE409A9FED740A73
:10A3E00029EE800ADFED730A00EE890ADFED720ABA
:10A3F00000EEA80ADFED710A30EE200A704880ED09
:10A40000000A9FED700A29EE800ADFED6F0A00EE68
:10A41000890ADFED6E0A00EEA80ADFED6D0A30EE64
:10A42000200A80ED010A9FED6B0A29EE800ADFED1C
:10A430006A0A00EE890ADFED690A00EEA80ADFED7C
:10A44000680A30EE200A80ED020A9FED660A29EEC6
:10A45000800ADFED650A00EE890ADFED640A00EE8E
:10A46000A80ADFED630A30EE200A80ED030A9FEDB3
:10A47000610A29EE800ADFED600A00EE890ADFED4D
:10A480005F0A00EEA80ADFED5E0A30EE200A80EDDA
:10A49000040A9FED5C0A29EE800ADFED5B0A00EEFC
:10A4A000890ADFED5A0A00EEA80ADFED590A30EEFC
:10A4B000200A80ED050A9FED570A29EE800ADFED9C
:10A4C000560A00EE890ADFED550A00EEA80ADFED14
:10A4D000540A30EE200A80ED060A9FED520A29EE5A
:10A4E000800ADFED510A00EE890ADFED500A00EE26
:10A4F000A80ADFED4F0A30EE200A80ED070A9FED33
:10A500004D0A29EE800ADFED4C0A00EE890ADFEDE4
:10A510004B0A00EEA80ADFED4A0A30EE200A80ED71
:10A52000080A9FED480A29EE800ADFED470A00EE8F
:10A53000890ADFED460A00EEA80ADFED450A30EE93
:10A54000200A80ED090A9FED430A29EE800ADFED1B
:10A55000420A00EE890ADFED410A00EEA80ADFEDAB
:10A56000400A30EE200A80ED0A0A9FED3E0A29EEED
:10A57000800ADFED3D0A00EE890ADFED3C0A00EEBD
:10A58000A80ADFED3B0A30EE200A80ED0B0A2CB959
:10A59000384A39493948F6F77BF906E0012C04D1ED
:10A5A000374A38493548F6F773F9BDEC048B10BDCE
:10A5B000883311430E3ECEC2FD07FE416ABC8C3F7C
:10A5C00040080024DE02C54039D6A1C0B6F33540AC
:10A5D0002A3A923EAA601641C217E2C0BC96F83FE2
:10A5E000C74B973E82E22741ECC00CC1AE472D40DD
:10A5F000A8352D3F11C700C11C7C4B42A5CEF5C12B
:10A60000910FD040705FABC09565A6401E1602C08A
:10A610007AC7C93E38F745C39C82A2420F9CB33D1E
:10A62000C1A886C0B22E15C1D42B65BF1C7C4D407D
:10A63000FA7E82BFA77927C08FC2B1C0363C87405F
:10A6400029CB70BFF2B09841C4B1C7C11DC9314117
:10A65000121403C0EE8ABC43257588C3702E914244
:10A66000DDB50841704E90418D284FC18E755D401B
:10A67000BF0EBC3E9C0000248C00002484000024FB
:10A68000A40000249400002408B500BF124800680C
:10A6900040F00100104908600846006800F0010021
:10A6A000009000BF00BF002206210B20FAF79CFE9D
:10A6B0000B20FAF785FE002206210C20FAF794FE03
:10A6C0000C20FAF77DFE002205210D20FAF78CFE02
:10A6D0000D20FAF775FE08BDD844025810B51D4884
:10A6E0001D4908600020886000211B48C16001747A
:10A6F0004174817404214161012181611321C1618F
:10A700000521016204214162012181621321C1629C
:10A71000052101630021416305218163C163042197
:10A72000016408214164002181640821C164002181
:10A7300001650421416500218165C165082101662B
:10A740000021416608218166FAF770F908B1F7F730
:10A7500025FD10BD00A00040F802002410B51D48E2
:10A760001D4908600020886000211B48C1600174F9
:10A770004174817405214161012181610E21C16112
:10A78000052101624162012181620E21C162052120
:10A79000016340F25631416305218163C1630021A9
:10A7A00001640421416481640821C16400210165C0
:10A7B0000421416500218165C165042101660021F4
:10A7C000416606218166FAF731F908B1F7F7E6FC30
:10A7D00010BD000000A400409803002410B51D48DF
:10A7E0001D4908600020886000211B48C160017479
:10A7F0004174817405214161012181610E21C16192
:10A80000052101624162012181620E21C16205219F
:10A81000016340F2AD61416305218163C16302219F
:10A82000016404214164002181640421C164002188
:10A8300001650421416500218165C165032101662F
:10A840000021416604218166FAF7F0F808B1F7F7B4
:10A85000A5FC10BD00D400403804002400B59FB012
:10A86000142224491AA8F5F7EFFD00211AA806F0D2
:10A8700084FA2149086014221E49143115A8F5F7FD
:10A88000E3FD002115A806F078FA1C49086014229F
:10A890001849283110A8F5F7D7FD002110A806F0B7
:10A8A0006CFA17490860142212493C310BA8F5F7DD
:10A8B000CBFD00210BA806F060FA124908601422B3
:10A8C0000C49503106A8F5F7BFFD002106A806F097
:10A8D00054FA0D49086014220649643101A8F5F7BD
:10A8E000B3FD002101A806F048FA084908601FB02E
:10A8F00000BD0000302D01080000002404000024E9
:10A90000080000240C00002410000024140000247F
:10A9100000B587B0142102A8F5F7AFFD00BF554878
:10A92000006840F00400534908600846006800F0E1
:10A930000400019000BF00BF00BF0846006840F05F
:10A94000800008600846006800F08000019000BFA9
:10A9500000BF00BF0846006840F0010008600846DC
:10A96000006800F00100019000BF00BF00BF084672
:10A97000006840F0020008600846006800F002002D
:10A98000019000BF00BF00BF0846006840F0100003
:10A9900008600846006800F01000019000BF00BF8A
:10A9A00000BF0846006840F00800086008460068DC
:10A9B00000F00800019000BF00BF00224FF4C0412A
:10A9C0002D48FAF74DFC012209212B48FAF748FCE3
:10A9D000012204212948FAF743FC01224FF40851CF
:10A9E0002748FAF73DFC4FF4C04002900120039045
:10A9F00000200490059002A91F48FAF739FB0920AE
:10AA0000029001200390002004900320059002A9E9
:10AA10001948FAF72DFB0120029000200390012035
:10AA2000049002A91548FAF723FB042002900120A4
:10AA3000039004900320059002A91048FAF718FB30
:10AA40004FF40850029001200390049003200590D9
:10AA500002A90B48FAF70CFB4FF4A05002904FF4F8
:10AA6000881003900020049002A90548FAF700FB23
:10AA700007B000BDE0440258000802580000025828
:10AA80000010025810B51648164908604FF48000AF
:10AA900048600021134881600721C1604FF00071B8
:10AAA000016149104161890081610901C161002191
:10AAB000016241628162C1624FF0804141630021C5
:10AAC0008163C163016441648164C164016541655E
:10AAD0008165FDF7F3FC08B1F7F760FB10BD0000DE
:10AAE00000380040D804002400B58BB00020089046
:10AAF00009900A901C2101A8F5F7BFFC18481949D4
:10AB000008601720486000211648816042F20F71EA
:10AB1000C1600021016180218161FEF7C0FA08B1A6
:10AB2000F7F73CFB002008900A9008A90D48FDF7B4
:10AB3000E1FF08B1F7F732FB60200190002002909E
:10AB4000039005900C2201A90648FEF7F0F908B120
:10AB5000F7F724FB0348FEF7BBF90BB000BD00007C
:10AB6000000400405006002410B51748174908603B
:10AB700017484860002115488160C16001610C21BF
:10AB8000416100218161C1610162416200200F4980
:10AB900088620846FEF7B2FD08B1F7F7FFFA002118
:10ABA0000A48FEF72EFB08B1F7F7F8FA002107482C
:10ABB000FEF7F8FA08B1F7F7F1FA0448FEF7C9FA18
:10ABC00008B1F7F7EBFA10BD001001409C06002415
:10ABD000A068060010B501220E490F4802F056FD8C
:10ABE00008B1F7F7DBFA0D490B4803F08FF808B10D
:10ABF000F7F7D4FA0A49084802F040F908B1F7F724
:10AC0000CDFA054803F084F908B1F7F7C7FAFBF766
:10AC100085FB10BDE8010024748B00246C02002425
:10AC20004802002400BFFEE700BFFEE700BF00F0BF
:10AC300009F8FCE710B50248FAF708FE10BD00005D
:10AC400050A0002402E0012006F086F8064890F8A3
:10AC500090000028F7D0054808F030F803E00448D9
:10AC6000006806F079F8FAE7D88100240883002408
:10AC7000780100242DE9F04704460D462668374642
:10AC8000D6F8408007F5306000EB4510D0F808900A
:10AC9000104880450BD909F40040B0F5004F06D1AB
:10ACA0004FF4004107F5306000EB4510816020460D
:10ACB000FBF7BBFA0748804508D9E068012805D1B1
:10ACC00004F2C4420121206803F0D0FD0020BDE859
:10ACD000F08700000A30544F2DE9F04705460C4636
:10ACE000D5F800904E46D9F840A006F5306000EB4C
:10ACF0004410D0F80880E868012855D108F0080011
:10AD000008280FD1434882450BD908F40040B0F51C
:10AD1000004F7BD14FF4004106F5306000EB44104A
:10AD2000816073E008F02000202806D1202106F57C
:10AD3000306000EB4410816068E008F028000028D3
:10AD400064D1344882450CD908F40040B0F5004F76
:10AD500007D14FF4004106F5306000EB44108160EC
:10AD600054E004EBC40105F51F7000EB810706F504
:10AD7000306000EB4410396A0069C0F31200081A11
:10AD8000786164B9386930B905F2C4420121286894
:10AD900003F06CFD03E07969F8680844F860E1B2FB
:10ADA0002846FAF7CBFB31E01B4882451BD108F45B
:10ADB0000040B0F5004F07D14FF4004106F5306078
:10ADC00000EB4410816021E008F02000202805D12C
:10ADD000202106F5306000EB44108160E1B2284686
:10ADE000FAF7ACFB12E06CB904EBC40105F51F7077
:10ADF00000EB8100006928B905F2C44200212868EF
:10AE000003F034FDE1B22846FAF798FB0020BDE8D4
:10AE1000F08700000A30544F0A31544F2DE9F84FA3
:10AE200007460E46D7F80090C84606EBC60107F164
:10AE30003C0000EB8104D4E90410884202D90120CF
:10AE4000BDE8F88FD4E90401451AA068A84200D2F1
:10AE5000A568E81C4FEA900A17E0D4E90401451AF6
:10AE6000A068A84200D2A568E81C4FEA900A387B87
:10AE7000ABB2F2B200904846E16804F0BFF9E06876
:10AE80002844E06060692844606108F5106000EBC8
:10AE90004610806980B2504506D3D4E90410884238
:10AEA00002D220690028D8D1D4E9040188420ED802
:10AEB00006F00F01012000FA01FB40F6340050F8C3
:10AEC000080020EA0B0040F6340141F80800002099
:10AED000B6E70000B0EE401A10B99FED790A70474E
:10AEE00090ED100A80ED110A90ED0F0A80ED100A26
:10AEF000C0ED060A80ED071A30EEC10A80ED0F0A98
:10AF00000178002975D190ED010AD0ED0F1A20EEDD
:10AF1000210A80ED090A90ED0A0AD0ED021A90ED9F
:10AF20000F2A01EE820A80ED0A0A90ED0D0A80EDEB
:10AF30000E0A90ED0C0A80ED0D0A90ED0F0AD0ED8F
:10AF4000101A30EE610A80ED0C0A90ED030AD0ED84
:10AF50000C1A20EE210A80ED0B0A90ED0A0AD0EDC2
:10AF6000051AB4EEE10AF1EE10FA04DD90ED050ADF
:10AF700080ED0A0A10E090ED0A0AD0ED051AF1EE14
:10AF8000611AB4EEE10AF1EE10FA05D290ED050A6D
:10AF9000B1EE400A80ED0A0A90ED090AD0ED0A1AD6
:10AFA00030EE210AD0ED0B1A30EE210A80ED080AAE
:10AFB00090ED080AD0ED041AB4EEE10AF1EE10FAB1
:10AFC00004DD90ED040A80ED080A76E090ED080AB1
:10AFD000D0ED041AF1EE611AB4EEE10AF1EE10FAC6
:10AFE0006BD290ED040AB1EE400A80ED080A64E0ED
:10AFF000FFE70178012960D190ED0F0AD0ED101A1A
:10B0000030EE610AD0ED011A20EE210A80ED090A26
:10B0100090ED020AD0ED0F1A20EE210A80ED0A0A07
:10B0200090ED0D0A80ED0E0A90ED0C0A80ED0D0AF0
:10B0300090ED0F0AD0ED101AB0EE002A02EE610A70
:10B04000D0ED111A30EE210A80ED0C0A90ED030AC2
:10B05000D0ED0C1A20EE210A80ED0B0A90ED090AC2
:10B06000D0ED0A1A30EE210AD0ED0B1A30EE210A8B
:10B07000D0ED081A30EE210A80ED080A90ED080A9A
:10B08000D0ED041AB4EEE10AF1EE10FA04DD90ED11
:10B09000040A80ED080A10E090ED080AD0ED041AC9
:10B0A000F1EE611AB4EEE10AF1EE10FA05D290ED7C
:10B0B000040AB1EE400A80ED080A90ED080A0EE796
:10B0C0000000000000B970479FED100A80ED110AE2
:10B0D00080ED100A80ED0F0A9FED0C0A80ED0E0A3C
:10B0E00080ED0D0A80ED0C0A9FED080A80ED0B0A39
:10B0F00080ED0A0A80ED090A80ED080A9FED030A37
:10B1000080ED060A80ED070A00BFDCE700000000C2
:10B1100000B102B97047017092ED001A80ED011A7A
:10B1200092ED011A80ED021A92ED021A80ED031AD7
:10B1300080ED040AC0ED050A9FED0C1A80ED0E1A91
:10B1400080ED0D1A80ED0C1A9FED081A80ED081A9B
:10B1500080ED0B1A80ED0A1A80ED091A80ED111AA4
:10B1600080ED101A80ED0F1A00BFD3E70000000039
:10B1700000B5AFB0B8216846F5F77FF94FF400414C
:10B180000020CDE9001018200290C821039102216F
:10B190000491059106910021079120210891002139
:10B1A00009914FF000501B906846FBF703FB08B174
:10B1B000F6F7F4FF2FB000BD2DE9F04104460E462E
:10B1C00000275548006800F00300032802D1012041
:10B1D000BDE8F08150482838006820F080604E4972
:10B1E00028390860FAF742F8054606E0FAF73EF813
:10B1F000401B022801D90320EAE7474828380068A5
:10B20000C0F3C0600028F1D100BF4348006820F4BB
:10B210007C30216840EA01303F490860A088401E28
:10B22000C0F30800A168491E4FF47E4202EA4121A2
:10B230000843A189491ED20102EA01410843217C49
:10B24000491E120202EA01610843334910310860C5
:10B2500000BF3148001D006820F0C000616908434C
:10B260002D49091D08600846006820F02000A169EA
:10B2700008432949091D08600846006820F01000AD
:10B2800008602548143000684FF6F8718843E1697A
:10B2900040EAC1002049143108601F48001D0068C1
:10B2A00040F010001C49091D08602EB908460068CE
:10B2B00040F40020086012E0012E08D11648001D5D
:10B2C000006840F480101449091D086007E0124826
:10B2D000001D006840F400100F49091D08600E4869
:10B2E0002838006840F080600B4928390860F9F779
:10B2F000BDFF054606E0F9F7B9FF401B022801D95A
:10B30000032065E7044828380068C0F3C0600028BF
:10B31000F1D038465CE70000284402582DE9F0419E
:10B3200004460E4600275548006800F00300032835
:10B3300002D10120BDE8F08150482838006820F093
:10B3400080504E4928390860F9F790FF054606E01D
:10B35000F9F78CFF401B022801D90320EAE7474890
:10B3600028380068C0F340700028F1D100BF43487E
:10B37000006820F07C70218840EA01503F49086055
:10B38000A088401EC0F30800A168491E4FF47E4209
:10B3900002EA41210843A189491ED20102EA014182
:10B3A0000843217C491E120202EA01610843334925
:10B3B0001831086000BF3148001D006820F440606B
:10B3C000616908432D49091D08600846006820F49A
:10B3D0000070A16908432949091D086008460068F2
:10B3E00020F48070086025481C3000684FF6F87122
:10B3F0008843E16940EAC10020491C3108601F48C8
:10B40000001D006840F480701C49091D08602EB9B9
:10B410000846006840F48000086012E0012E08D160
:10B420001648001D006840F400001449091D08601A
:10B4300007E01248001D006840F080700F49091DA8
:10B4400008600E482838006840F080500B492839C1
:10B450000860F9F70BFF054606E0F9F707FF401B08
:10B46000022801D9032065E7044828380068C0F3A2
:10B4700040700028F1D038465CE7000028440258AC
:10B4800000BF06F06BF8FCE7D0ED0D4A64EEA44A6D
:10B49000B0EE640AD0ED0E4A64EEA44AF0EE640AFF
:10B4A000D0ED0F4A64EEA44AB0EE641AD0ED0C4A17
:10B4B00090ED0D5A64EE854AF0EE641AD0ED0C4A18
:10B4C00090ED0E5A64EE854AB0EE642AD0ED0C4A37
:10B4D00090ED0F5A64EE854AF0EE642AD0ED0D4AE5
:10B4E00090ED0E5A64EE854AB0EE643AD0ED0D4A06
:10B4F00090ED0F5A64EE854AF0EE643AD0ED0E4AB4
:10B5000090ED0F5A64EE854AB0EE644AF7EE004AB9
:10B51000B0EE005A45EE604AB0EE005A45EE414AA0
:10B52000C0ED104A73EE624AB0EE005A64EE854AEE
:10B53000C0ED114A73EE824AB0EE005A64EE854ABD
:10B54000C0ED124A73EE224AB0EE005A64EE854A0C
:10B55000C0ED134AF7EE004AB0EE005A45EE404AFD
:10B56000B0EE005A45EE414AC0ED144A74EE614A0D
:10B57000B0EE005A64EE854AC0ED154A73EEC24A39
:10B58000B0EE005A64EE854AC0ED164A74EE214AC8
:10B59000B0EE005A64EE854AC0ED174AF7EE004A55
:10B5A000B0EE005A45EE404AB0EE005A45EE604A11
:10B5B000C0ED184A7047000010B50248FCF734FE91
:10B5C00010BD0000D8040024026851690268926925
:10B5D00042F0080203689A610268926942F0100220
:10B5E00003689A610268126822F0010203681A6017
:10B5F0000268126940F26F339A4303681A61026865
:10B60000926822F4404203689A6090F88120042AEC
:10B610000ED001F020025AB1D0F8842042F080020E
:10B62000C0F884200268926942F0200203689A619F
:10B6300090F88120032A0ED001F040025AB1D0F8D0
:10B64000842042F00402C0F884200268926942F02B
:10B65000400203689A6101F400725AB1D0F8842064
:10B6600042F00102C0F884200268926942F400723C
:10B6700003689A6101F480725AB1D0F8842042F0D4
:10B680000802C0F884200268926942F4807203685C
:10B690009A610022A0F86220A0F86A20704770B575
:10B6A0000546AC6B00206234208120800120E077C9
:10B6B000623C2046FCF7B6FD70BD10B50146012482
:10B6C000C86B04EB5013C868421CD01DC20802FBB3
:10B6D00003F010BD2DE9F04106460D4617461C4605
:10B6E000DDF818800BE0F9F7C1FDA0EB0800A042DF
:10B6F00001D3601C00B914B90320BDE8F0813068A3
:10B7000040692840A84201D1012000E00020B84251
:10B71000E9D00020F1E730B501460A461378521C03
:10B72000147843EA042030BDFFF754FA00BF01202B
:10B7300005F012FBFBE7000010B500BF502080F3BE
:10B740001188BFF34F8FBFF36F8F00BF07F090F9E1
:10B7500018B14FF080500449086000BF002080F30A
:10B76000118800BF10BD000004ED00E000B59DB0E1
:10B770004C210AA8F4F781FE202102A8F4F77DFEEF
:10B780000220FAF79BFD00BF0020019025480068C9
:10B7900020F44040234908600846006800F4404017
:10B7A000019000BF00BF00BF1E48006800F40050B9
:10B7B000B0F5005FF8D121200A904FF480300B9053
:10B7C000012010900220139002211491159128213C
:10B7D0001691012117910221189119910C211A91AA
:10B7E00000211B911C910AA8FCF76EF908B1F6F72D
:10B7F000D5FC3F20029003200390002004900820F5
:10B800000590402006900790000108904020099084
:10B81000032102A8FBF732FE08B1F6F7BFFC1DB00A
:10B8200000BD0000184802582F48006840F470001E
:10B830002D4908602D48006800F00F00072806D247
:10B840002A48006820F00F00C01D284908602848D9
:10B85000006840F0010026490860002024491031AA
:10B8600008602348006823490840214908601F48B0
:10B87000006800F00F00072806D91C48006820F077
:10B880000F00C01D194908600020194918310860CF
:10B89000091D0860091D086017481549283108600E
:10B8A0001648091D08601648091D08600020091D7A
:10B8B00008601348091D08600020091D0860104831
:10B8C000091D08600020091D08600948006820F46F
:10B8D000802007490860002005496031086043F274
:10B8E000D20008490860704788ED00E0002000524F
:10B8F000004402587FEDF6EA000202020000FF0158
:10B90000800201010040005210B50248FDF703FA21
:10B9100010BD0000A807002410B502682C4B984207
:10B920000ED0B0F1804F0BD02A4B984208D02A4B52
:10B93000984205D0294B984202D0294B984203D116
:10B9400022F070024B681A43214B98421DD0B0F18F
:10B95000804F1AD01F4B984217D01F4B984214D0DB
:10B960001E4B984211D01E4B98420ED01D4B984250
:10B970000BD01D4B984208D01C4B984205D01C4B55
:10B98000984202D01B4B984203D122F44072CB68FC
:10B990001A4322F080034C6943EA040202608B6878
:10B9A000C3620B6883620A4B98420BD00C4B9842DF
:10B9B00008D00C4B984205D00B4B984202D00B4B51
:10B9C000984201D10B6903630123436110BD00005C
:10B9D000000001400004004000080040000C00404E
:10B9E0000004014000400140004401400048014083
:10B9F00000E0004000E4004030B5056A25F0010594
:10BA00000562026A43688469204D2C4024F00304D7
:10BA10000D682C4322F002028D682A431C4DA84277
:10BA200000D10FE01B4DA84200D10BE01A4DA842F7
:10BA300000D107E0194DA84200D103E0184DA842FB
:10BA400006D100BF22F00802CD682A4322F004028A
:10BA50000F4DA8420BD00F4DA84208D00E4DA84262
:10BA600005D00E4DA84202D00D4DA84207D123F4B7
:10BA7000807323F400734D692B438D692B4343601E
:10BA800084614D684563026230BD00008FFFFEFF98
:10BA9000000001400004014000400140004401401A
:10BAA0000048014030B5056A25F010050562026ABC
:10BAB00043688469224D2C4024F440740D6844EAA4
:10BAC000052422F020028D6842EA05121D4DA8428D
:10BAD00000D10FE01C4DA84200D10BE01B4DA84245
:10BAE00000D100BF1A4DA84200D100BF194DA84295
:10BAF00007D106E022F08002CD6842EA051222F06A
:10BB00004002104DA8420BD00F4DA84208D00F4D57
:10BB1000A84205D00E4DA84202D00E4DA84209D130
:10BB200023F4806323F400634D6943EA85038D6940
:10BB300043EA8503436084614D688563026230BDDA
:10BB4000FF8FFFFE00000140000401400040014063
:10BB5000004401400048014030B5056A25F4807575
:10BB60000562026A4368C469224D2C4024F0030434
:10BB70000D682C4322F400728D6842EA05221E4DA6
:10BB8000A84200D10FE01D4DA84200D10BE01C4D92
:10BB9000A84200D100BF1B4DA84200D100BF1A4DE2
:10BBA000A84207D106E022F40062CD6842EA0522ED
:10BBB00022F48062104DA8420BD0104DA84208D04C
:10BBC0000F4DA84205D00F4DA84202D00E4DA842FD
:10BBD00009D123F4805323F400534D6943EA05133C
:10BBE0008D6943EA05134360C4614D68C563026211
:10BBF00030BD00008FFFFEFF000001400004014047
:10BC000000400140004401400048014030B5056A51
:10BC100025F480550562036A4468C269124D2A40C2
:10BC200022F440720D6842EA052223F400538D6825
:10BC300043EA05330D4DA8420BD00D4DA84208D064
:10BC40000C4DA84205D00C4DA84202D00B4DA84285
:10BC500004D124F480444D6944EA85144460C261EF
:10BC60004D680564036230BDFF8FFFFE0000014098
:10BC700000040140004001400044014000480140F0
:10BC800030B5056A25F480350562026A4368446D63
:10BC9000114D2C400D682C4322F400320D8942EAEC
:10BCA00005420E4DA8420BD00D4DA84208D00D4DB7
:10BCB000A84205D00C4DA84202D00C4DA84204D198
:10BCC00023F480334D6943EA0523436044654D689E
:10BCD0008565026230BD00008FFFFEFF000001405D
:10BCE0000004014000400140004401400048014080
:10BCF00030B5056A25F480150562026A4368446D13
:10BD0000114D2C400D6844EA052422F400120D89DF
:10BD100042EA05520D4DA8420BD00D4DA84208D065
:10BD20000C4DA84205D00C4DA84202D00B4DA842A4
:10BD300004D123F480234D6943EA8523436044659D
:10BD40004D68C565026230BDFF8FFFFE00000140F7
:10BD5000000401400040014000440140004801400F
:10BD600070B5456E2DB90125A0F86A50A0F868504D
:10BD70001CE0102310240568AD68C5F34261056816
:10BD8000AD686A0F0A4DAD5C15FB04F5094EB65C53
:10BD900095FBF6F5A0F86A50054D6D5C15FB03F5B3
:10BDA000044E765C95FBF6F5A0F8685070BD000077
:10BDB000242E01082C2E010890F8281001F0010112
:10BDC00039B10168496821F40031C26A114302683F
:10BDD000516090F8281001F00201022907D1016892
:10BDE000496821F48031026B11430268516090F878
:10BDF000281001F00401042907D10168496821F4E1
:10BE00008021426B11430268516090F8281001F0C4
:10BE10000801082907D10168496821F40041826BB3
:10BE200011430268516090F8281001F010011029A8
:10BE300007D10168896821F48051C26B11430268FF
:10BE4000916090F8281001F02001202907D10168A5
:10BE5000896821F40051026C11430268916090F8E6
:10BE6000281001F04001402913D10168496821F4EC
:10BE70008011426C114302685160416CB1F5801F22
:10BE800007D10168496821F4C001826C114302683E
:10BE9000516090F8281001F08001802907D10168D5
:10BEA000496821F40021C26C114302685160704757
:10BEB00038B504460020C4F89000F9F7D7F90546D4
:10BEC0002068006800F00800082821D16FF07E404B
:10BED0002B4600224FF400110090204600F0E8FCB1
:10BEE000B0B100BF00BF216851E8001F21F0800001
:10BEF000226842E800010029F5D100BF2020C4F8E3
:10BF0000880000BF002084F8840000BF032038BDF3
:10BF10002068006800F00400042830D16FF07E40F3
:10BF20002B4600224FF480010090204600F0C0FC18
:10BF300028B300BF00BF216851E8001F21F49070B2
:10BF4000226842E800010029F5D100BF00BF00BF10
:10BF50002168083151E8001F21F0010021680831F3
:10BF600041E80002002AF3D100BF2020C4F88C0071
:10BF700000BF002084F8840000BF0320C7E7202012
:10BF8000C4F88800C4F88C000020E066206700BF79
:10BF900084F8840000BF00BFB9E770B50546AC6BFC
:10BFA0000020A4F85E00A4F856002046FDF75AF9D8
:10BFB00070BD2DE9F0410546AC6BD4F88860D4F82B
:10BFC0008C702068806800F08000802807D1212EC6
:10BFD00005D10020A4F85600204600F0D1F82068D2
:10BFE000806800F04000402807D1222F05D10020B2
:10BFF000A4F85E00204600F075F8D4F8900040F0F8
:10C000001000C4F890002046FDF72CF9BDE8F0813F
:10C0100070B50546AC6BE869B0F5807F40D0002074
:10C02000A4F85E0000BF00BF216851E8001F21F4A2
:10C030008070226842E800010029F5D100BF00BFEE
:10C0400000BF2168083151E8001F21F0010021687C
:10C05000083141E80002002AF3D100BF00BF00BF51
:10C060002168083151E8001F21F0400021680831A3
:10C0700041E80002002AF3D100BF2020C4F88C0060
:10C08000E06E01280CD100BF00BF216851E8001FFD
:10C0900021F01000226842E800010029F5D100BF1C
:10C0A00000202067E06E012805D1B4F85C1020461E
:10C0B000FDF776F802E02046FDF706FC70BD70B58E
:10C0C0000546AC6B01202067E06E012806D1B4F86C
:10C0D0005C0041082046FDF763F802E02046FDF7CA
:10C0E000F4FB70BD00BF00BF026852E8002F22F4CD
:10C0F0009071036843E80012002AF5D100BF00BF29
:10C1000000BF0268083252E8002F104B02EA030118
:10C110000268083242E80013002BF2D100BFC16E62
:10C1200001290CD100BF00BF026852E8002F22F0A5
:10C130001001036843E80012002AF5D100BF202156
:10C14000C0F88C100021C16641677047FEFFFFEF09
:10C1500010B5044600BF00BF216851E8001F21F060
:10C160004000226842E800010029F5D100BF2020EC
:10C17000C4F888000020A0672046FDF7A7FB10BD8B
:10C1800000BF00BF026852E8002F22F0C001036820
:10C1900043E80012002AF5D100BF00BF00BF0268CB
:10C1A000083252E8002F22F400010268083242E807
:10C1B0000013002BF3D100BF2021C0F88810704776
:10C1C0002DE9F04F89B0054600200890F84928680D
:10C1D000884200D100E000BF2969A8680843696966
:10C1E0000843E96940EA010828680068F149084005
:10C1F00040EA0800296808602868406820F4405038
:10C20000E968084329684860D5F81880E849286833
:10C21000884202D0286A40EA080828688068E6490F
:10C22000084040EA0800296888602868C06A20F051
:10C230000F00696A08432968C86200BFDF4928689F
:10C24000884220D1DE48006800F03800182811D05C
:10C2500005DC48B1082809D0102811D108E02028B1
:10C260000AD028280CD109E001240BE0042409E0BD
:10C27000082407E0102405E0202403E0402401E026
:10C28000802400BF42E1CF492868884219D1CC48B8
:10C29000006800F00700062810D2DFE800F0030570
:10C2A00007090B0D00240BE0042409E0082407E033
:10C2B000102405E0202403E0402401E0802400BF96
:10C2C00024E1C1492868884219D1BD48006800F0BE
:10C2D0000700062810D2DFE800F0030507090B0D60
:10C2E00000240BE0042409E0082407E0102405E002
:10C2F000202403E0402401E0802400BF06E1B3498C
:10C300002868884219D1AE48006800F00700062866
:10C3100010D2DFE800F0030507090B0D00240BE045
:10C32000042409E0082407E0102405E0202403E0A9
:10C33000402401E0802400BFE8E0A5492868884245
:10C3400019D19F48006800F00700062810D2DFE8E6
:10C3500000F0030507090B0D00240BE0042409E09D
:10C36000082407E0102405E0202403E0402401E035
:10C37000802400BFCAE097492868884220D19048AD
:10C38000006800F03800182811D005DC48B10828F2
:10C3900009D0102811D108E020280AD028280CD173
:10C3A00009E001240BE0042409E0082407E010243C
:10C3B00005E0202403E0402401E0802400BFA5E044
:10C3C00085492868884219D17D48006800F0070037
:10C3D000062810D2DFE800F0030507090B0D002442
:10C3E0000BE0042409E0082407E0102405E02024E1
:10C3F00003E0402401E0802400BF87E077492868FB
:10C40000884219D16E48006800F00700062810D253
:10C41000DFE800F0030507090B0D00240BE00424FE
:10C4200009E0082407E0102405E0202403E040246C
:10C4300001E0802400BF69E069492868884220D172
:10C440005F48006800F03800182811D005DC48B1BA
:10C45000082809D0102811D108E020280AD028285F
:10C460000CD109E001240BE0042409E0082407E0D2
:10C47000102405E0202403E0402401E0802400BFD4
:10C4800044E058492868884220D14D48006800F0AF
:10C490003800182811D005DC48B1082809D0102828
:10C4A00011D108E020280AD028280CD109E0012465
:10C4B0000BE0042409E0082407E0102405E0202410
:10C4C00003E0402401E0802400BF1FE038492868D1
:10C4D00088421AD13A48001D006800F0070006287B
:10C4E00010D2DFE800F0030507090B0D02240BE072
:10C4F000042409E0082407E0102405E0202403E0D8
:10C50000402401E0802400BF00E0802400BF2849CF
:10C51000286888424BD1102C1AD006DC022C09D096
:10C52000042C0BD0082C29D10DE0202C21D0402C3C
:10C5300024D120E0F9F7FCFE064623E005A8F9F730
:10C5400009FF069E1EE002A8FAF71CF8039E19E0F8
:10C550001B4854380068C0F3401040B118485438A4
:10C560000068C0F3C101204820FA01F600E01E4E29
:10C5700008E01E4E06E04FF4004603E000260120CE
:10C58000089000BF00BF002E10D01949686A31F82A
:10C590001000B6FBF0F9686800EB4000484503D88E
:10C5A00068680003484525D20120089007E153E060
:10C5B000000C0058F369FFCFFFF4FF110010014099
:10C5C000544402580044004000480040004C0040E1
:10C5D000005000400014014000780040007C004002
:10C5E00000180140001C01400090D00300093D00EC
:10C5F0000C2E01087849686A31F810C062460023A1
:10C6000030461946F3F7E0FE4FF4807C00220346E3
:10C61000A3FB0C0B01FB0CB103FB02136968490877
:10C6200084461CEB010143EB0200CDE90010D5F874
:10C6300004C06246002308460199F3F7C5FE074689
:10C64000B7F5407F05D3B7F5801F02D22868C760D1
:10C65000B5E001200890B2E0E869B0F5004F5BD189
:10C66000082C1AD005DC5CB1012C0DD0042C2DD186
:10C670000EE0102C16D0202C23D0402C26D122E006
:10C68000FBF7E8F8064625E0FBF7F6F8064621E05A
:10C6900005A8F9F75FFE069E1CE002A8F9F772FFF5
:10C6A000039E17E04D480068C0F3401038B14B4876
:10C6B0000068C0F3C1014A4820FA01F600E0484E84
:10C6C00008E0484E06E04FF4004603E00026012053
:10C6D000089000BF00BF7EB33F49686A31F8100080
:10C6E000B6FBF0F04000696800EB5100B0FBF1F7D9
:10C6F000102F0ED3B7F5803F0BD24FF6F07007EA3C
:10C70000000AC7F342004AEA000A2868C0F80CA0F1
:10C7100055E00120089052E0082C1BD005DC64B1E4
:10C72000012C0ED0042C2ED10FE0102C17D0202C71
:10C7300024D0402C27D123E041E0FBF78BF80646BC
:10C7400025E0FBF799F8064621E005A8F9F702FE77
:10C75000069E1CE002A8F9F715FF039E17E01F488C
:10C760000068C0F3401038B11C480068C0F3C10134
:10C770001B4820FA01F600E0194E08E0194E06E0C9
:10C780004FF4004603E000260120089000BF00BFE0
:10C79000AEB11149686A31F81000B6FBF0F0696873
:10C7A00000EB5100B0FBF1F7102F06D3B7F5803F37
:10C7B00003D2B8B22968C86001E0012008900120C6
:10C7C000A5F86A00A5F8680000206867A8670898BF
:10C7D00009B0BDE8F08F00000C2E0108004402589B
:10C7E0000090D00300093D0070B504460E46154682
:10C7F00044F8586FA5800020A06322206063A06ADF
:10C80000583CF8B12748241DE16FC8632648E16F02
:10C8100008642648E16FC8640020E16F086554F899
:10C82000043C03F12401626DE06F241F2B46F7F7EF
:10C8300005FB38B11020C4F890002020C4F88C000B
:10C84000012070BD206960B100BF00BF216851E8C0
:10C85000001F41F48070226842E800010029F5D1F0
:10C8600000BF00BF00BF2168083151E8001F41F040
:10C8700001002168083141E80002002AF3D100BF1D
:10C8800000BF00BF2168083151E8001F41F040009F
:10C890002168083141E80002002AF3D100BF0020DE
:10C8A000CFE7000011C00008BFC00008B3BF0008F8
:10C8B0002DE9F04104460D4617469846069E3CE099
:10C8C000701CC8B3F8F7D2FCA0EB0800B04200D847
:10C8D00016B90320BDE8F0812068006800F004006C
:10C8E00050B32068C069C0F3C00078B10820216847
:10C8F00008622046FFF7F6FB0820C4F8900000BF4E
:10C90000002084F8840000BF0120E3E72068C069AC
:10C91000C0F3C02080B14FF4006021680862204657
:10C92000FFF7E0FB2020C4F8900000BF002084F84F
:10C93000840000BF0320CDE7FFE72068C0692840DE
:10C94000A84201D1012000E00020B842B8D0002068
:10C95000C0E7000010B508480068C06900F010008A
:10C96000102804D104490968086203F0AFFA0248AC
:10C97000FCF77AFC10BD00009C0600242DE9F04174
:10C9800004460D46D4F8C87204F53070D4F8D412B9
:10C9900050F8210010B90320BDE8F08104F5307093
:10C9A000D4F8D41250F8216005F00F0000EB80019C
:10C9B00004F1140000EB8100406838B305F00F006B
:10C9C00000EB800104F1140000EB8100416805F0E8
:10C9D0000F0000EBC00207F13C0000EB8200806812
:10C9E000B1FBF0F200FB121080B9002105F00F003E
:10C9F00000EB800204F1140000EB82004160002390
:10CA00001A462946204601F04EF917E00020C6F8E4
:10CA1000140204F53170D4F8D41250F821000069E2
:10CA200060B1D6F8080204F53171D4F8D42251F877
:10CA300022102A460B6906F5047198470020ABE7DF
:10CA400070B504460E4604F53070D4F8D41250F890
:10CA50002150D4F8D41250F8210008B9032070BD39
:10CA60003146204600F070FFC5F80C02D5F80402EC
:10CA700004F53171D4F8D43251F82310CA6805F5A1
:10CA8000037190470020EAE770B504460D46304830
:10CA90000178204600F02AFE00212D48007800F0A1
:10CAA0000F0000EB800204F1140000EB8200018211
:10CAB00028480178204600F019FE0021254800781A
:10CAC00000F00F0000EB800204F5AA7000EB82007A
:10CAD000018221480178204600F008FE00211E480E
:10CAE000007800F00F0000EB800204F1140000EB6E
:10CAF000820001821848007800F00F0000EB8002ED
:10CB000004F1140000EB8200418204F53070D4F887
:10CB1000D41250F82100C8B104F53171D4F8D422F0
:10CB200051F822104868804704F53071D4F8D422B7
:10CB300051F8220001F0E0FB002104F53070D4F838
:10CB4000D42240F822100020C4F8BC02002070BD9E
:10CB5000E7020024E8020024E902002470B504463C
:10CB600004F53070D4F8D41250F821500DB90320D8
:10CB700070BD04F53170D4F8D41250F8210098B18A
:10CB800095F80002FF280FD095F8012295F80002D1
:10CB900004F53171D4F8D46251F826108B68294617
:10CBA0009847FF2085F800020020E1E701460A20AF
:10CBB0000880014870470000600200242DE9F04120
:10CBC000044682210D4800F02FFC054601210B4848
:10CBD00000F02AFC06468121084800F025FC0746A3
:10CBE0000DB11020A8710EB14020B0800FB14020CF
:10CBF000B880432020800148BDE8F081A4020024D1
:10CC00002DE9F041044682210E4800F00DFC054656
:10CC100001210C4800F008FC06468121094800F07B
:10CC200003FC07460DB11020A87116B14FF4007037
:10CC3000B08017B14FF40070B880432020800148C5
:10CC4000BDE8F081A40200242DE9F04104468221D0
:10CC50000D4800F0E9FB054601210B4800F0E4FB1C
:10CC600006468121084800F0DFFB07460DB1102081
:10CC7000A8710EB14020B0800FB14020B880432091
:10CC800020800148BDE8F081A402002470B504466C
:10CC90000E464FF4077001F031FB054645B90021FF
:10CCA00004F53070D4F8D42240F82210022070BD70
:10CCB0004FF407712846F3F7E0FB04F53070D4F821
:10CCC000D41240F82150D4F8D41250F82100C4F8FE
:10CCD000BC02207C98BB4FF40073022250480178BC
:10CCE000204600F0D9FE01214D48007800F00F00E9
:10CCF00000EB800204F1140000EB820001824B0281
:10CD0000022248480178204600F0C6FE012145482D
:10CD1000007800F00F0000EB800204F5AA7000EB31
:10CD20008200018210214048007800F00F0000EBE3
:10CD3000800204F1140000EB8200418232E0FFE740
:10CD40004023022236480178204600F0A5FE01214A
:10CD50003348007800F00F0000EB800204F114006B
:10CD600000EB82000182402302222E4801782046F7
:10CD700000F092FE01212B48007800F00F0000EB3C
:10CD8000800204F5AA7000EB82000182102126487F
:10CD9000007800F00F0000EB800204F1140000EBBB
:10CDA00082004182082303221F480178204600F0B8
:10CDB00073FE01211C48007800F00F0000EB800298
:10CDC00004F1140000EB820001820020C5F8040287
:10CDD00004F53171D4F8D42251F822100868804744
:10CDE0000020C5F81402C5F81802D5F8040208B9E5
:10CDF00002205CE7207C48B94FF4007309480178B1
:10CE00002046D5F8042200F05FFE07E040230548E5
:10CE100001782046D5F8042200F056FE002046E7AF
:10CE2000E7020024E8020024E902002470B5044669
:10CE300004F53070D4F8D41250F82150D4F8D4123C
:10CE400050F8210008B9032070BD207C48B94FF488
:10CE50000073094801782046D5F8042200F034FE1A
:10CE600007E04023044801782046D5F8042200F06A
:10CE70002BFE0020E8E70000E8020024024609B982
:10CE80000320704702F53170D2F8D43240F82310F5
:10CE90000020F6E710B5024602F53070D2F8D44211
:10CEA00050F824300BB9032010BDC3F80412002041
:10CEB000FAE730B503460C4603F53070D3F8D45288
:10CEC00050F8251009B9032030BDC1F80842C1F857
:10CED00010220020F8E72DE9FC4105460C4605F537
:10CEE0003070D5F8D41250F82160002001900090E5
:10CEF000804616B90320BDE8FC81207800F0600070
:10CF000000283DD020287CD1E08868B3207800F04C
:10CF10008000B8B1E288607805F53171D5F8D4C2E7
:10CF200051F82C108B6831469847E088072801D9C2
:10CF3000072000E0E08807463A463146284600F0E0
:10CF400011F91CE0607886F80002E088402801D2E0
:10CF5000E08800E0402086F8010296F80122314680
:10CF6000284600F0DEF80AE0607805F53171D5F862
:10CF7000D42251F8221000228B682146984747E0BE
:10CF8000607830B1012832D00A2813D00B282FD175
:10CF900021E095F89C02032805D102226946284623
:10CFA00000F0E0F805E02146284600F0AEF84FF02A
:10CFB000030824E095F89C02032805D1012201A969
:10CFC000284600F0CFF805E02146284600F09DF8FD
:10CFD0004FF0030813E095F89C02032805D0214682
:10CFE000284600F092F84FF0030808E009E006E058
:10CFF0002146284600F089F84FF0030800BF00BF23
:10D0000006E02146284600F080F84FF0030800BFF4
:10D0100000BF40466FE7000070B5054605F530706B
:10D02000D5F8D41250F8214001260CB9032070BD68
:10D03000D4F81402C8B90120C4F814020C480078CE
:10D0400000F00F0000EB800205F1140000EB8200FD
:10D05000D4F810124160064801782846D4F81032FE
:10D06000D4F8082200F01FFE00263046DFE700005B
:10D07000E702002470B504460D460026D4F8B80235
:10D08000294642682046904700B10326304670BDCD
:10D0900070B504460D4694F89C02012804D002287D
:10D0A00003D003280CD101E000BF00BF688801282D
:10D0B00005D10020C4F8A402204600F064F804E082
:10D0C0002946204600F021F800BF00BF70BD02468F
:10D0D0000020704702460020704770B506460C4697
:10D0E00015462B4622460021304600F0EDFC00207C
:10D0F00070BD70B506460C4615462B4622460021EB
:10D10000304600F0D0FD002070BD70B504460D46DD
:10D110008021204600F097FD0021204600F093FD7D
:10D1200070BD70B504460E4615460320C4F894023F
:10D130004FF4AC700551001D05512B4632460021BD
:10D14000204600F0C1FC002070BD10B5044605204B
:10D15000C4F8940200231A461946204600F0B4FC95
:10D16000002010BD70B504460E4615460220C4F8D6
:10D170009402A561E5612B4632460021204600F06D
:10D1800092FD002070BD10B504460420C4F894023E
:10D1900000231A461946204600F085FD002010BDE8
:10D1A00070B504460D46E888012804D0294620467B
:10D1B000FFF7ABFF1EE094F89C02012804D0022880
:10D1C00003D0032810D109E000BF0020A060012295
:10D1D00004F108012046FFF7C5FF0AE00122211DE6
:10D1E0002046FFF7BFFF04E029462046FFF78DFFEA
:10D1F00000BF00BF70BDF8B504460E460020009089
:10D200000027002570880012062874D006DC01284B
:10D210001BD0022821D003286ED132E007286CD021
:10D220000F28F9D1D4F8B402C06938B1207CD4F801
:10D23000B412CA6969469047074605E03146204660
:10D24000FFF763FF681CC5B2CBE0207CD4F8B412B2
:10D250000A68694690470746C3E0207C40B9D4F885
:10D26000B802816A6846884707460220787007E05E
:10D27000D4F8B802C16A6846884707460220787029
:10D28000AFE0B07806287AD2DFE800F00316293F35
:10D290005265D4F8B402406838B1207CD4F8B41296
:10D2A0004A6869469047074605E031462046FFF741
:10D2B0002CFF681CC5B269E0D4F8B402806838B1AC
:10D2C000207CD4F8B4128A6869469047074605E086
:10D2D00031462046FFF719FF681CC5B256E0D4F866
:10D2E000B402C06850B1207CD4F8B412CA68694650
:10D2F0009047074608E04BE06CE059E03146204695
:10D30000FFF703FF681CC5B240E0D4F8B40200691F
:10D3100038B1207CD4F8B4120A69694690470746B0
:10D3200005E031462046FFF7F0FE681CC5B22DE04F
:10D33000D4F8B402406938B1207CD4F8B4124A69F8
:10D3400069469047074605E031462046FFF7DDFE77
:10D35000681CC5B21AE0D4F8B402806940B1207CE0
:10D36000D4F8B4128A6969469047074606E006E099
:10D3700031462046FFF7C9FE681CC5B206E03146BB
:10D380002046FFF7C2FE681CC5B200BF00BF28E000
:10D39000207C30B9D4F8B802416B6846884707460C
:10D3A00005E031462046FFF7B0FE681CC5B218E024
:10D3B000207C40B9D4F8B802016B6846884707461C
:10D3C0000720787005E031462046FFF79EFE681C76
:10D3D000C5B206E031462046FFF797FE681CC5B28D
:10D3E00000BF00BF05B1F8BDF088C0B1BDF80000B6
:10D3F00080B1F088BDF80010884202DDBDF8000061
:10D4000000E0F0880090BDF8002039462046FFF784
:10D41000A9FE07E031462046FFF777FE02E02046EE
:10D42000FFF7B1FE00BFDEE72DE9F84105460F46E4
:10D430002C462E464FF0000870883178884218DD5F
:10D44000307800900FE06946204600F020F804464E
:10D450006078052807D1A04698F80200B84200D1AC
:10D4600006E04FF000087088BDF800108842EADC42
:10D4700000BF4046BDE8F881014600200A4602E0B0
:10D48000431CD8B2521C1378002BF9D1704710B549
:10D49000024610460B88047823440B8003789818C2
:10D4A00010BD70B504460D4694F89C02012804D0C6
:10D4B000022803D003281AD101E000BF00BFE8888A
:10D4C000022804D029462046FFF71FFE14E0012061
:10D4D000E060D4F8A40218B1E06840F00200E06017
:10D4E000022204F10C012046FFF73CFE04E029462D
:10D4F0002046FFF70AFE00BF00BF70BD2DE9F041D6
:10D5000007460D46904600240FB9BDE8F0813E461F
:10D510003046FFF7B1FF022101EB4000A8F8000000
:10D5200098F800002855601CC4B203202855601CE0
:10D53000C4B208E030782855761C601CC4B20020C4
:10D540002855601CC4B230780028F3D100BFDCE756
:10D550000146002031B1012906D0022906D0032955
:10D5600008D105E0002007E0032005E0012003E0EA
:10D57000032001E0032000BF00BF704770B50546DF
:10D580000C462DB92246064906A0FFF7B7FF04E076
:10D590002246034903A0FFF7B1FF014870BD000018
:10D5A000508E002443444320436F6E666967000039
:10D5B000024612200880014870470000080200243B
:10D5C00070B505460C462DB92246064906A0FFF760
:10D5D00095FF04E02246034903A0FFF78FFF0148AF
:10D5E00070BD0000508E002443444320496E746592
:10D5F00072666163650000000246042008800148ED
:10D60000704700002802002470B505460C462246EB
:10D61000024903A0FFF772FF004870BD508E00243E
:10D6200053544D6963726F656C656374726F6E6994
:10D630006373000070B505460C462DB922460649B5
:10D6400006A0FFF75BFF04E02246034903A0FFF7B3
:10D6500055FF014870BD0000508E002453544D33D7
:10D6600032205669727475616C20436F6D506F7211
:10D670007400000070B505460C461A202080F4F7AF
:10D6800083FF014870BD00002C0200242DE9F04109
:10D6900004460D46164614B90320BDE8F08100206B
:10D6A000C4F8B802C4F8C402C4F8D0020DB1C4F87A
:10D6B000B452012084F89C022670204600F04EF9F6
:10D6C00007463846E9E72DE9F04104460D460026B5
:10D6D00000272946D4F8C802F7F79DFF06463046D2
:10D6E000FFF736FF07463846BDE8F0812DE9F041E7
:10D6F00004460D46002600272946D4F8C802F7F74D
:10D7000055FF06463046FFF723FF07463846BDE87B
:10D71000F0812DE9F04704460F469146002F56D17F
:10D7200004F11405D4F89402022846D1D5E9020187
:10D7300088420FD9D5E90201401AA860494620461F
:10D74000AA68FFF7D6FC00231A461946204600F0C7
:10D75000BBF932E0D5E90210884217D1E968686860
:10D76000884213D36868D4F8981288420ED20022F7
:10D7700011462046FFF7BDFC0020C4F898020023A4
:10D780001A461946204600F09FF916E094F89C02CC
:10D7900003280BD1D4F8B802C06838B10020C4F80F
:10D7A000D402D4F8B802C1682046884780212046B8
:10D7B00000F049FA2046FFF7C8FC94F8A00250B3E5
:10D7C000204600F0C7FA002084F8A00223E047F0CA
:10D7D00080012046FFF77BFC0646FF2E1BD0D6B902
:10D7E00094F89C02032816D104F52E7050F82600F8
:10D7F000406980B1C4F8D46204F52E7050F8260058
:10D8000039464269204690478046B8F1000F02D061
:10D810004046BDE8F0870020FBE72DE9F0470546CC
:10D820000F4690464FF00009002F51D105F5AA761A
:10D83000D5F8940203286FD1D6E90201884210D9A5
:10D84000D6E90201401AB060D6E90201884201D24D
:10D85000B06800E0F068024641462846FFF73DFC0C
:10D860005AE095F8AA0200F01F0020B1012804D068
:10D87000022812D109E0002411E040F2AE20415DFF
:10D880002846FFF727FC044609E040F2AE20415D40
:10D890002846FFF71CFC044601E0002400BF00BF3F
:10D8A00094B995F89C0203280ED105F52E7050F816
:10D8B0002400006940B1C5F8D44205F52E7050F837
:10D8C00024000169284688472846FFF75CFC23E0CE
:10D8D00007F07F012846FFF7FAFB0446FF2C1BD018
:10D8E000D4B995F89C02032810D105F52E7050F894
:10D8F0002400806950B1C5F8D44205F52E7050F867
:10D90000240039468269284690478146B9F1000FC4
:10D9100002D04846BDE8F0870020FBE70146002022
:10D92000704770B504460025012084F89C02D4F8A5
:10D93000B80238B12179D4F8B8024268204690473D
:10D9400000B10325284670BD70B504460D46294632
:10D95000D4F8C802F7F79DFE70BD000010B504466C
:10D96000207801282DD11848C0F80845C4F8C8020D
:10D9700016481549086009204860022112480161D3
:10D980000021C160022181610121C1610021016288
:10D990004162C16201634163F8F7F1FA08B1F4F73B
:10D9A000FDFB4FF400710848F7F785FD8022002148
:10D9B0000548F7F785FD4FF4BA7201210248F7F7E1
:10D9C0007FFD002010BD000050A000240000044096
:10D9D00010B50246D2F8C83201F08000802809D183
:10D9E00001F07F0000EBC00403F13C0000EB840079
:10D9F000807810BD01F07F0000EBC00403F51F70BC
:10DA000000EB84008078F4E770B504460D4604F519
:10DA10002E70D4F8D41250F8210008B9032070BD3C
:10DA200094F89C02032811D104F52E70D4F8D41276
:10DA300050F82100006A48B104F52E70D4F8D412D1
:10DA400050F821002946026A204690470020E6E768
:10DA500070B504460D4604F52E70D4F8D41250F873
:10DA6000210008B9032070BD94F89C02032811D14D
:10DA700004F52E70D4F8D41250F82100406A48B151
:10DA800004F52E70D4F8D41250F821002946426AC9
:10DA9000204690470020E6E72DE9F04704460F4670
:10DAA00015461E464FF00008C1462B463246394601
:10DAB000D4F8C802F7F7F8FD80464046FFF748FD66
:10DAC00081464846BDE8F0872DE9F04704460D46FB
:10DAD00016461F464FF00008C1463B4632462946CF
:10DAE000D4F8C802F7F726FE80464046FFF730FD1F
:10DAF00081464846BDE8F08770B504460025012000
:10DB000084F89C020020C4F894026060C4F8A40267
:10DB100084F8A002D4F8B80258B1D4F8B80240682A
:10DB200038B12179D4F8B80242682046904700B154
:10DB300003254023002211462046FFF7ADFF0121B7
:10DB40004FF4B27001534021001F015140230022C5
:10DB500080212046FFF7A0FF0121A18440212162FE
:10DB6000284670BD014691F89C02042803D191F823
:10DB70009D0281F89C020020704710B5044694F87D
:10DB80009C0203280BD1D4F8B80240B1D4F8B802F3
:10DB9000C06920B1D4F8B802C16920468847002086
:10DBA00010BD02461174002070472DE9F041044673
:10DBB0000D46002600272946D4F8C802F8F71AFBBC
:10DBC00006463046FFF7C4FC07463846BDE8F081FC
:10DBD00070B504460D46294604F2AA2000F07BF8F1
:10DBE0000120C4F894024FF42C70005BC4F8980232
:10DBF00094F8AA0200F01F0020B1012809D00228E1
:10DC000015D10DE004F2AA21204600F087F906465E
:10DC100016E004F2AA21204600F017FB06460FE0AA
:10DC200004F2AA21204600F0D0F9064608E094F854
:10DC3000AA0200F08001204600F005F8064600BF69
:10DC400000BF304670BD2DE9F04104460D46002668
:10DC500000272946D4F8C802F7F78FFD064630465C
:10DC6000FFF776FC07463846BDE8F08170B50446FC
:10DC700000250026D4F8C802F8F7E0FA0546284641
:10DC8000FFF766FC0646304670BD014691F89C02DF
:10DC9000042803D091F89C0281F89D02042081F8A9
:10DCA0009C02002070472DE9F04704460D461646B9
:10DCB0001F464FF00008C1463B4632462946D4F87D
:10DCC000C802F7F79FFD80464046FFF741FC8146BA
:10DCD0004846BDE8F08770B505460E4634462078C4
:10DCE0002870641C20786870641C2046FDF713FDC2
:10DCF0006880641C641C2046FDF70DFDA880641C30
:10DD0000641C2046FDF707FDE88070BD38B5044669
:10DD10000D46002000900DB9032038BDC4F8B8525C
:10DD200004F52E70D4F8D41250F82100C06A50B116
:10DD300004F52E70D4F8D42250F82200C16A684647
:10DD40008847C4F8D002D4F8D802401CC4F8D802DE
:10DD50000020E2E701460020704770B504460D46FA
:10DD6000A88810BBE88800BB688880281DD2A878E6
:10DD700000F07F0694F89C02032804D1294620462F
:10DD8000FFF7C3F915E084F89E6231462046FFF79D
:10DD90000CFF2046FFF7F7F91EB1022084F89C0221
:10DDA00007E0012084F89C0203E029462046FFF7A3
:10DDB000ACF970BD70B504460D460026D4F8B80223
:10DDC00030B1D4F8B802294602682046904706468A
:10DDD000304670BD70B504460E460025B0783D490A
:10DDE000087008460078012805D931462046FFF71B
:10DDF0008CF9032070BD94F89C02022802D00328FD
:10DE000059D11FE033480078C0B1324800786060D3
:10DE1000304801782046FFF7CDFF05463DB1314639
:10DE20002046FFF772F9022084F89C0209E02046A0
:10DE3000FFF7A9F9032084F89C0202E02046FFF7CF
:10DE4000A2F943E02348007870B9022084F89C02CC
:10DE50002048007860601F4801782046FFF70AF9E3
:10DE60002046FFF790F925E01A4909786068884252
:10DE70001DD021792046FFF7FDF816480078606034
:10DE8000144801782046FFF795FF05465DB13146FD
:10DE90002046FFF73AF921792046FFF7EBF80220F8
:10DEA00084F89C0206E02046FFF76DF902E0204668
:10DEB000FFF769F90AE031462046FFF726F90548E1
:10DEC00001782046FFF7D6F8032500BF00BF28469B
:10DED00090E700005C02002470B505460C4660889F
:10DEE000012805D1C5F8A4022846FFF74CF90EE039
:10DEF0006088022807D1A088001285F8A002284671
:10DF0000FFF741F903E021462846FFF7FEF870BD10
:10DF100010B504462046FFF7A9FE10BD70B50446B3
:10DF20000D460026287800F0600088B1202802D035
:10DF3000402842D100E000BF04F52E70D4F8D4127E
:10DF400050F821002946826820469047064639E06D
:10DF500068780A282AD2DFE800F01A24291F290A43
:10DF60000529150F29462046FFF745F923E02946E4
:10DF70002046FFF7F2FE1EE029462046FFF72AFF63
:10DF8000064618E029462046FFF70AF913E029461D
:10DF90002046FFF786FA0EE029462046FFF79CFF51
:10DFA00009E029462046FFF773F804E02946204699
:10DFB000FFF7ABF800BF00BF04E029462046FFF79B
:10DFC000A4F800BF00BF304670BD2DE9F0470546FC
:10DFD0000F464FF000093C79387800F06000F8B146
:10DFE000202802D040287DD100E000BF21462846ED
:10DFF000FFF76DF80646FF2E11D086B9C5F8D4623A
:10E0000005F52E7050F82600806840B105F52E7099
:10E0100050F826003946826828469047814610E12C
:10E02000787800287AD001282FD003286ED195F86F
:10E030009C02022802D0032820D110E054B1802C89
:10E0400008D021462846FFF7FEFD80212846FFF72D
:10E05000FAFD03E039462846FFF757F813E07888C1
:10E0600040B93CB1802C05D0F88818B92146284623
:10E07000FFF7E9FD2846FFF786F804E03946284611
:10E08000FFF743F800BF00BFD4E095F89C020228D8
:10E0900002D003283BD110E054B1802C08D0214697
:10E0A0002846FFF7D0FD80212846FFF7CCFD03E08E
:10E0B00039462846FFF729F82EE0788820BB04F07F
:10E0C0007F0018B121462846FFF7FDFA2846FFF7E2
:10E0D0005AF821462846FEF7FAFF0646FF2E13D0CF
:10E0E00096B900E0A8E0C5F8D46205F52E7050F8A6
:10E0F0002600806840B105F52E7050F8260039469C
:10E10000826828469047814606E007E08DE0394660
:10E110002846FEF7FAFF00BF00BF8BE095F89C028F
:10E12000022802D0032879D126E034B1802C04D013
:10E1300039462846FEF7E9FF75E004F080008028A4
:10E1400008D104F07F0000EB800105F1140000EB22
:10E15000810007E004F07F0000EB800105F5AA7064
:10E1600000EB810080460020C8F8000002224146F2
:10E170002846FEF7F7FF56E004F0800080280ED115
:10E1800004F00F0000EB800105F1140000EB8100AA
:10E19000008A98B939462846FEF7B7FF43E004F0F5
:10E1A0000F0000EB800105F5AA7000EB8100008AEA
:10E1B00020B939462846FEF7A8FF34E004F0800075
:10E1C000802808D104F07F0000EB800105F11400E5
:10E1D00000EB810007E004F07F0000EB800105F513
:10E1E000AA7000EB810080460CB1802C03D1002086
:10E1F000C8F800000CE021462846FFF7E9FB20B1F3
:10E200000120C8F8000003E008E00020C8F8000082
:10E21000022241462846FEF7A5FF04E0394628467B
:10E22000FEF773FF00BF00BF04E039462846FEF743
:10E230006CFF00BF00BF04E039462846FEF765FFCB
:10E2400000BF00BF4846BDE8F0872DE9F041054614
:10E250000E460027307800F0600030B1202802D050
:10E26000402840D100E000BF00BF95F89C02012883
:10E2700004D0022803D003282ED101E000BF00BF44
:10E280003079012823D831792846FEF723FF044648
:10E29000FF2C14D09CB905F52E7050F8240080682E
:10E2A00058B1C5F8D44205F52E7050F82400314617
:10E2B000826828469047074602E0032700E00327CC
:10E2C000F08840B93FB92846FEF75DFF03E03146CC
:10E2D0002846FEF71AFF04E031462846FEF715FFF0
:10E2E00000BF00BF04E031462846FEF70EFF00BF26
:10E2F00000BF3846BDE8F081704700000146014884
:10E30000704700005CA5002470B504460B46224609
:10E310001978587801282CD140F61C0080581D78B7
:10E3200005F00F060125B540ADB2284340F61C05A7
:10E33000A85002F5106000EB4110006800F40040A6
:10E34000F0BB1889C0F30A001D7940EA854040EA15
:10E35000815040F0805040F4004002F5106505EB1C
:10E3600041152D68284302F5106505EB411528601D
:10E370002DE040F61C0080581D7805F00F060125A1
:10E38000B540144E06EA0545284340F61C05A85042
:10E3900002F5306000EB4110006800F4004078B9ED
:10E3A0001889C0F30A001D7940EA854040F080508A
:10E3B00040F4004002F5306505EB41152D6800E0A2
:10E3C00005E0284302F5306505EB41152860002083
:10E3D00070BD00000000FFFF01460A464FF41060C8
:10E3E0008058C30ADB024FF41060835040F60400EB
:10E3F000805840F4807340F604008350002070473A
:10E400000FB470B504460A98012817D1A06B20F408
:10E410008030A063E0681E490840E060E06820F4B6
:10E420004010E0601198012803D1E06840F48010AA
:10E43000E060204600F030F8054612E0E06840F069
:10E440004000E060204600F027F805460E9820B90D
:10E45000A06B40F48030A06303E0A06B20F4803018
:10E46000A063079801280ED1E06D80B2E065E06DF1
:10E4700008490843E065A06840F00600A060A06875
:10E4800040F02000A060284670BC5DF814FB00003E
:10E49000BFFFBDFF0000EE0308B50146002000905D
:10E4A00000BF0098401C0090104A0098904201D98B
:10E4B000032008BD086900F000400028F1D00020CA
:10E4C0000090086940F00100086100BF0098401CFE
:10E4D0000090064A0098904201D90320E9E70869B4
:10E4E00000F001000028F1D100BFE2E7400D030079
:10E4F00070B504460B46224619785878012848D151
:10E5000002F5106000EB4110006800F00040B0F12F
:10E51000004F17D102F5106000EB4110006840F089
:10E52000006502F5106000EB4110056002F5106017
:10E5300000EB4110006840F0804502F5106000EBF0
:10E540004110056040F63C0080581D7805F00F062C
:10E550000125B540ADB2A84340F63C05A85040F6B1
:10E560001C0080581D7805F00F060125B540ADB29E
:10E57000A84340F61C05A85002F5106000EB4110BE
:10E5800000682B4D284002F5106505EB4115286009
:10E590004BE002F5306000EB4110006800F00040F5
:10E5A000B0F1004F17D102F5306000EB4110006868
:10E5B00040F0006502F5306000EB4110056002F5A7
:10E5C000306000EB4110006840F0804502F530609B
:10E5D00000EB4110056040F63C0080581D7805F0C6
:10E5E0000F060125B540134E06EA0545A84340F63F
:10E5F0003C05A85040F61C008558187800F00F061E
:10E600000120B0400B4E06EA0040854340F61C0056
:10E61000855002F5306000EB41100068064D28403F
:10E6200002F5306505EB41152860002070BD000043
:10E63000007833EC0000FFFF0078F3EF01460A4654
:10E64000D2F8000E20F00300C2F8000E40F60400DD
:10E65000805820F0020340F60400835000207047E9
:10E6600001460A46D2F8000E20F00300C2F8000E60
:10E6700040F60400805840F0020340F60400835046
:10E68000002070470FB4F0B5064600273546002439
:10E6900005E0002106F5827040F82410641C0F2C60
:10E6A000F7D31098A0B940F60400405940F0020199
:10E6B00040F604004151B06B20F40010B0633068A4
:10E6C00040F040003060306840F08000306003E08F
:10E6D000B06B40F40010B0630020C5F8000ED5F810
:10E6E0000008C5F800080B9801280BD1099820B93B
:10E6F0000021304600F004FD08E00121304600F022
:10E70000FFFC03E00321304600F0FAFC1021304604
:10E7100000F0FAFB00B10127304600F0CBFB00B15E
:10E72000012700214FF401604151001D415140F685
:10E730001C00415100242EE005F5106000EB441050
:10E74000006800F00040B0F1004F10D13CB94FF02C
:10E75000006105F5106000EB441001600DE04FF022
:10E76000904105F5106000EB4410016005E00021C8
:10E7700005F5106000EB44100160002105F5106004
:10E7800000EB441001614FF67F3105F5106000EB9E
:10E7900044108160641C0698A042CDD800242EE06D
:10E7A00005F5306000EB4410006800F00040B0F167
:10E7B000004F10D13CB94FF0006105F5306000EB1F
:10E7C000441001600DE04FF0904105F5306000EB22
:10E7D0004410016005E0002105F5306000EB4410B5
:10E7E0000160002105F5306000EB441001614FF637
:10E7F0007F3105F5306000EB44108160641C0698A1
:10E80000A042CDD84FF40160405920F480714FF4FC
:10E81000016041510020B0616FF080407061089844
:10E8200018B9B06940F01000B061B06909490843F7
:10E83000B0610C9818B1B06940F00800B061109850
:10E84000012803D1B06904490843B0613846F0BCDF
:10E850005DF814FB00383C800400004001468868E5
:10E8600020F00100886000207047000070B503466A
:10E870000C4619461D6C1848854209D94FF4306082
:10E88000405800F00040B0F1004F01D1002070BDB1
:10E890000026C1F8106BD1F8100B40F40026C1F827
:10E8A000106BD1F8100B40F01806C1F8106BD1F8BE
:10E8B000100B40F0C046C1F8106B012C09D1C1F813
:10E8C000142B4FF43060405840F080264FF43060F5
:10E8D00046500020DBE700000A30544F30B50446B4
:10E8E0000B4622461978587801281ED102F510608F
:10E8F00000EB4110006820F4001502F5106000EBF9
:10E90000411005601879032802D0187902282AD10D
:10E9100002F5106000EB4110006840F0805502F5F0
:10E92000106000EB411005601DE002F5306000EB67
:10E930004110006820F4001502F5306000EB411032
:10E9400005601879032802D0187902280BD102F546
:10E95000306000EB4110006840F0805502F53060F7
:10E9600000EB41100560002030BD30B504460B4679
:10E97000224619785878012821D102F5106000EB61
:10E980004110006800F0004060B959B102F5106014
:10E9900000EB4110006820F0804502F5106000EBAC
:10E9A0004110056002F5106000EB4110006840F472
:10E9B000001502F5106000EB4110056020E002F543
:10E9C000306000EB4110006800F0004060B959B1C0
:10E9D00002F5306000EB4110006820F0804502F540
:10E9E000306000EB4110056002F5306000EB411033
:10E9F000006840F4001502F5306000EB411005603E
:10EA0000002030BD2DE9F84381460E4617464D469D
:10EA10003478707801287DD1306920BB05F510600D
:10EA200000EB44100069E349084005F5106101EB73
:10EA30004411086105F5106000EB4410006940F4D2
:10EA4000002105F5106000EB4410016105F5106030
:10EA500000EB44100069C10CC90405F5106000EB1F
:10EA6000441001616BE005F5106000EB4410006993
:10EA7000C10CC90405F5106000EB4410016105F5F7
:10EA8000106000EB44100069CA49084005F51061A8
:10EA900001EB4411086194B9B1683069884201D929
:10EAA000B068306105F5106000EB4410006940F477
:10EAB000002105F5106000EB4410016114E0B1681D
:10EAC00030690844401EB0FBF1F0BA49C94301EA7D
:10EAD000C04005F5106101EB44110969084305F5D3
:10EAE000106101EB4411086105F5106000EB441062
:10EAF00000693169C1F31201084305F5106101EBAA
:10EB0000441108613079012819D105F5106000EB36
:10EB1000441000E093E0006920F0C04105F510606A
:10EB200000EB4410016105F5106000EB4410006932
:10EB300040F0005105F5106000EB44100161012F19
:10EB400036D1F06928B105F5106000EB4410F16989
:10EB50004161307901281ED140F60800405900F487
:10EB6000807060B905F5106000EB4410006840F05B
:10EB7000005105F5106000EB441001600BE005F555
:10EB8000106000EB4410006840F0805105F5106003
:10EB900000EB4410016005F5106000EB44100068C4
:10EBA00040F0044105F5106000EB44100160FEE008
:10EBB00005F5106000EB4410006840F0044105F5D5
:10EBC000106000EB44100160307901280FD03069EB
:10EBD0000028ECD040F634004059317801F00F02A3
:10EBE00001219140084340F634014851DFE040F6EE
:10EBF0000800405900F4807060B905F5106000EB22
:10EC00004410006840F0005105F5106000EB44101E
:10EC100001600BE005F5106000EB4410006840F067
:10EC2000805105F5106000EB441001600097308AB8
:10EC300083B232784846F16800F0E0FAB7E005F5B3
:10EC4000306000EB44100069C10CC90405F5306068
:10EC500000EB4410016105F5306000EB44100069E1
:10EC60005449084005F5306101EB4411086104BBCB
:10EC7000306908B1B0683061B068306205F5306065
:10EC800000EB44100069316AC1F31201084305F535
:10EC9000306101EB4411086105F5306000EB441070
:10ECA000006940F4002105F5306000EB441001617B
:10ECB00045E03069D0B905F5306000EB44100069DB
:10ECC000B168C1F31201084305F5306101EB44114D
:10ECD000086105F5306000EB4410006940F4002144
:10ECE00005F5306000EB4410016128E0B16830693F
:10ECF0000844401EB0FBF1F01FFA80F8B06800FB3A
:10ED000008F0306205F5306000EB441000692949D5
:10ED1000C94301EAC841084305F5306101EB4411DC
:10ED2000086105F5306000EB44100069316AC1F3F9
:10ED30001201084305F5306101EB44110861012F10
:10ED400007D1F06828B105F5306000EB4410F16898
:10ED50004161307901281ED140F60800405900F485
:10ED6000807060B905F5306000EB4410006840F039
:10ED7000005105F5306000EB441001600BE005F533
:10ED8000306000EB4410006840F0805105F53060C1
:10ED900000EB4410016005F5306000EB44100068A2
:10EDA00040F0044105F5306000EB441001600020A4
:10EDB000BDE8F883FFFF07E078B503460024009420
:10EDC00000201A464C78012C35D10C7802F51065DC
:10EDD00005EB4414246804F00044B4F1004F60D102
:10EDE0000C7805EB4414246844F000660C7805EBBD
:10EDF000441426600C7805EB4414246844F08046E3
:10EE00000C7805EB4414266000BF009C641C009441
:10EE100042F21075009CAC4201D901200AE00C7846
:10EE200002F5106505EB4414246804F00044B4F1C5
:10EE3000004FEAD035E00C7802F5306505EB44145C
:10EE4000246804F00044B4F1004F2AD10C7805EB9B
:10EE50004414246844F000660C7805EB44142660E2
:10EE60000C7805EB4414246844F080460C7805EBDC
:10EE70004414266000BF009C641C009442F210758C
:10EE8000009CAC4201D901200AE00C7802F5306503
:10EE900005EB4414246804F00044B4F1004FEAD0B8
:10EEA00000BF78BD0146886840F0010088600020FE
:10EEB0007047000008B501460020009000BF009890
:10EEC000401C00900F4A0098904201D9032008BDD1
:10EED000086900F000400028F1D0002000901020C8
:10EEE000086100BF0098401C0090064A00989042BC
:10EEF00001D90320EBE7086900F010001028F1D0D9
:10EF00000020E4E7400D030008B502460020009011
:10EF100000BF0098401C0090104B0098984201D907
:10EF2000032008BD106900F000400028F1D0002047
:10EF30000090202040EA8110106100BF0098401C22
:10EF40000090064B0098984201D90320E9E7106928
:10EF500000F020002028F1D00020E2E7400D03005F
:10EF600010B501460B4640F60804E45804F00602CA
:10EF70000AB9002006E0022A01D0062A01D10220A7
:10EF800000E00F2010BD0146486900F00100704705
:10EF900001460B4640F61800C258001DC0580240FA
:10EFA00090B2704701460B4640F61800C258001D4B
:10EFB000C0580240100C704770B5024613464FF41B
:10EFC0000166F45840F63406F55801F00F0625FAAC
:10EFD00006F606F0010644EAC61403F5106606EBD1
:10EFE0004116B66806EA040070BD10B50246134625
:10EFF00003F5306404EB4114A06840F61404E458AF
:10F00000204010BD014648698A69104070472DE9CB
:10F01000F04104460D46274628464FEA920C02F07E
:10F02000030300210AE04FF4805858F80780C0F825
:10F030000080401C401C401C401C491C6145F2D310
:10F040009BB100214FF4805858F8076000BF4FEA89
:10F05000C10826FA08F880F80080491C401CA3F17A
:10F0600001081FFA88F3002BF1D1BDE8F08170B5DB
:10F0700004460E460025E06820F0C040E060012E06
:10F0800010D1E06840F00050E06000BF0120F5F7CB
:10F09000C5F86D1C2046FFF776FF012815D0322DEC
:10F0A000F4D312E07EB9E06840F08040E06000BF39
:10F0B0000120F5F7B3F86D1C2046FFF764FF20B17F
:10F0C000322DF5D301E0012070BD322D01D1012098
:10F0D000FAE70020F8E710B502460B461146D1F8D2
:10F0E000000820F4FE60C1F80008D1F800084FF4D1
:10F0F000FE6404EA03142043C1F80008002010BD98
:10F1000002461346D3F800080843C3F8000800205D
:10F110007047000030B503461446022C49D12D48F3
:10F12000814204D32C48814201D20F2245E02A4873
:10F13000814204D32948814201D20E223DE0274872
:10F14000814204D32648814201D20D2235E0244871
:10F15000814204D32348814201D20C222DE0214870
:10F16000814204D32048814201D20B2225E01E486F
:10F17000814204D31D48814201D20A221DE01B486E
:10F18000814204D31A48814201D2092215E018486D
:10F19000814204D31748814201D208220DE015486C
:10F1A000814204D31448814201D2072205E006229D
:10F1B00003E00CB9092200E00922D86820F470505D
:10F1C000D860D8684FF4705505EA82252843D86086
:10F1D000002030BDC0ACD800C0E1E4000024F40041
:10F1E00080730601A0491A01002D310140A44C0191
:10F1F00000366E0120ABA6010048E8012DE9F0437E
:10F2000004460D461E46DDF81CC0A0462946BCF14A
:10F21000000F12D1F01C870800230CE0D1F80090F9
:10F2200008F5805000EB0230C0F80090491C491CE2
:10F23000491C491C5B1CBB42F0D30020BDE8F08395
:10F2400000BFFEE770B52DED028B04460D4695ED2F
:10F25000000A84ED010A95ED010A84ED020AB6EE7A
:10F26000000A84ED050AB6EE000A84ED060A95ED63
:10F27000010AD5ED000A30EE600AF0EE000A80EED9
:10F28000201AB0EE418AB0EE480AF1F7F3FBD4ED54
:10F29000000AB0EE001A60EE810A20EE200A84ED2A
:10F2A000070A95ED010AD5ED000A30EE600AF0EE8E
:10F2B000000A80EE201AB0EE418AB0EE480AF1F75B
:10F2C00035F9D4ED000AB8EE001A60EE810A20EE9E
:10F2D000200A84ED080ABDEC028B70BD9FED050A83
:10F2E000054880ED000A9FED030A044880ED000AFE
:10F2F00070470000295C8F3D70080024AC08002492
:10F3000070B592B006460C46154606F1140302226B
:10F31000114608A8F1F752F90EAB0222114606A8D1
:10F32000F1F74CF90AAB0222114604A8F1F746F9AD
:10F3300023460122022102A8F1F740F92B460122BF
:10F3400002216846F1F73AF906A908A8F1F738FB57
:10F3500004A906A8F1F736F96A4602A904A8F1F74C
:10F3600097FA12B070BD70B58CB006460C461546C3
:10F3700006F114030222114606A8F1F71FF908ABA3
:10F380000222114604A8F1F719F9234601220221AD
:10F3900002A8F1F713F92B46012202216846F1F782
:10F3A0000DF904A906A8F1F70BFB02AA694604A807
:10F3B000F1F76EFA0CB070BD00BF03F04BFAFCE73A
:10F3C0004100080218BF04200A0E18BF40F00100D7
:10F3D0004FF07F4232EA010108BF40F002000128ED
:10F3E00008BF05207047000002480068C0F30220F3
:10F3F000704700000CED00E010B5002804DB0A07A0
:10F40000130E054A135406E00A07140E034A00F0CF
:10F410000F031B1FD45410BD00E400E018ED00E002
:10F4200010B54FF00E402DED028BB0EE408A18EE75
:10F43000104A00EB4400B0F1506F4AD84FF0FC4046
:10F44000B0EB440F22D2B0EEC80ADFED360A30EE40
:10F45000C00ADFED350A60EE208A18EE900A02F04D
:10F46000C5F801EE100A14F0004F1DBFDFED2F0AA2
:10F470009FED2F0AB1EE411ADFED2E0A08BF9FED76
:10F480002E0ADFED2E1A21EE218A05E0DFED2C0A8F
:10F4900068EE088AB0EE600A9FED2A1ADFED2A1A9C
:10F4A00030EE080A48EE811A9FED281A08EEA11ADC
:10F4B000DFED271A48EE811A9FED261A08EEA11AF1
:10F4C00068EE281ABDEC028B01EE810A30EE200AAC
:10F4D00010BD4FF0E440B0EB440F0CD918EE100A09
:10F4E000FFF76EFF042808BF00F0EEF9B0EE480AFF
:10F4F000BDEC028B10BD4FF07F40B0EB440F07D244
:10F50000B0EE480ABDEC028BBDE8104000F0CEB969
:10F51000012000F0F1F9BDEC028BBDE8104000F0D5
:10F52000CBB900000000803F0000003F0000C9BFD1
:10F5300022AAFDB90000C93F22AAFD39000000C07F
:10F540000000000024FE1C3DC78AD83C1E67383DE1
:10F550001B93993DAFAA2A3E70B54FF068422DED3E
:10F56000048BF0EE408A18EE900AB0EE608A18EE36
:10F57000101A02EB4003B3F1654F3CBF02EB4102AE
:10F58000B2F1654F7DD200BFC0F3C753C1F3C7527C
:10F590009A1A1B2A09DD10F0004F14BF9FED830A51
:10F5A0009FED830ABDEC048B70BD12F11A0F36DAA1
:10F5B00011F0004F09D010F0004F0CBF9FED7D0AF5
:10F5C0009FED7D0ABDEC048B70BD88EE889A19EE24
:10F5D000100AFFF7F5FE042808BF00F075F918EED1
:10F5E000900AFFF7EDFE054618EE100AFFF7E8FE59
:10F5F000044619EE100AFFF7E3FE042D18BF052D8F
:10F6000008D1042C18BF052C04D1002804BF022007
:10F6100000F072F9B0EE490ABDEC048B70BD4200F7
:10F62000B2EB410F3AD910F0004F19BFDFED630A7A
:10F630009FED630ADFED630A9FED630AB0EE481A9F
:10F640000A46B1EE688A80F00041F0EE418A104629
:10F650000A1A5200B2F1807F34D2484010F0004FB5
:10F66000DFED5A1A9FED5A2A1DBF9FED5A1A70EE10
:10F67000E10A30EE420A9FED581A08BF70EEA10A67
:10F6800000E040E008BF30EE020AB0EE682A01EE6A
:10F69000482A08EE818AC2EE081A15E011F0004FE0
:10F6A00004BF9FED4E0AF0EE400AD1D010F0004F9B
:10F6B00019BFDFED4B0A9FED4B0ADFED4B0A9FEDC3
:10F6C0004B0AC5E7C8EE881A21EEA11A9FED482A19
:10F6D000DFED482A41EE022A9FED472A01EE222A59
:10F6E000DFED462A41EE022A9FED452ABDEC048B50
:10F6F00001EE222A21EE811A01EE020A30EE210AE1
:10F7000030EE200A70BD4FF07F42B2EB400F28BFB1
:10F71000B2EB410F09D2F0EE480AB0EE680ABDEC38
:10F72000048BBDE8704000F0C4B840EA01035B0000
:10F7300008BF41F0FF410BD0B2EB400F08BFB2EB66
:10F74000410F08D120F0804008EE900A21F080415E
:10F7500008EE101A18E7B2EB400F12BF5FEA410340
:10F7600040F0FF4001F000413FF40EAFB2EB410F1B
:10F7700012BF5FEA400200F0004041F0FF413FF459
:10F7800003AF4A0092EA40033FF5FEAE002AACBF49
:10F790009FED1C0A9FED1C0A68EE808A28EE008A05
:10F7A00018EE900A18EE101AEEE60000DB0FC9BF43
:10F7B000DB0FC93FDB0F4940DB0F49C00000C9BF69
:10F7C00022AAFDB90000C93F22AAFD390060ED3E22
:10F7D000C30ACE37000000BF0000003F0000000059
:10F7E000000049C022AA7DBA0000494022AA7D3A01
:10F7F0002DAD65BD8FB8D53D0FB511BE61C84C3E6E
:10F80000A8AAAABE0000804F0000802F00B52DEDF1
:10F81000028BB1EEC08B83B018EE100A18EE901A6E
:10F820008DED008B002818BF0120084320F0004018
:10F83000C0F17F6000F1E040C00F14D010EE101A4C
:10F8400010EE900A8DED000B002918BF012108432E
:10F8500020F00040C0F17F6000F1E040C00F04BF25
:10F86000012000F049F8B0EE480B03B0BDEC028B6C
:10F8700000BD10B52DED028BB1EEC08A18EE100A56
:10F8800020F00040C0F1FF40C00F0AD010EE100A77
:10F8900020F00040C0F1FF40C00F04BF012000F085
:10F8A0002BF8B0EE480ABDEC028B10BD30EE000A1A
:10F8B000704730EE200A7047DFED020A80EEA00AA2
:10F8C00070470000000000009FED020A20EE000AD1
:10F8D000704700000000001002E008C8121F08C1B5
:10F8E000002AFAD170477047002001E001C1121FC1
:10F8F000002AFBD1704700000149086070470000F2
:10F90000F402002410B5F1F705F98020F1F738FB77
:10F910005520F1F735FB5520F1F732FB50490870BF
:10F92000F1F7EEF80120F4F779FCF1F7F3F8802015
:10F93000F1F726FB5520F1F723FB5520F1F720FBCB
:10F9400047490870F1F7DCF80120F4F767FCF1F79C
:10F95000E1F8B6217E20F1F725FBF1F7D1F8502030
:10F96000F4F75CFCF1F7D6F88020F1F709FB55209D
:10F97000F1F706FB5520F1F703FB39490870F1F761
:10F98000BFF80120F4F74AFCF1F7C4F88020F1F742
:10F99000F7FA5520F1F7F4FA5520F1F7F1FA30496A
:10F9A0000870F1F7ADF80120F4F738FC2C48007826
:10F9B0001E2801D0FF2010BD00202A49087049E010
:10F9C000F1F7A8F8274A127802EB4202264B1A44B4
:10F9D0005178244A127802EB4202985CF1F7E2FA7D
:10F9E000F1F78EF80120F4F719FCF1F793F81D49AF
:10F9F000097801EB41011C4A515C41F08000F1F7AC
:10FA0000BFFA5520F1F7BCFA5520F1F7B9FA1449BD
:10FA10000870F1F775F80120F4F700FC1148007840
:10FA200000EB40001049084440780D4909788842AD
:10FA30000BD00C48007800EB40000B49084480785C
:10FA40000A49097808430949087006480078401CAB
:10FA500004490870034800780628B1DB0020AAE7B3
:10FA60003800002439000024440000243A00002417
:10FA700010B5F1F763F845490020F1F774FAF1F792
:10FA800053F80120F4F7CAFBF1F758F83F4900207A
:10FA9000F1F769FAF1F748F80120F4F7BFFBF1F745
:10FAA0004DF8B6211420F1F77DFAF1F73DF850201A
:10FAB000F4F7B4FBF1F742F834490020F1F753FAB8
:10FAC000F1F732F80120F4F7A9FBF1F737F82F49E5
:10FAD0000020F1F748FAF1F727F80120F4F79EFB30
:10FAE0002A4800780F2801D0FF2010BD00202849A7
:10FAF000087045E0F1F722F8254A127802EB42023D
:10FB0000244B1A445178224A127802EB4202985C44
:10FB1000F1F748FAF1F708F80120F4F77FFBF1F765
:10FB20000DF81B49097801EB41011A4A505C17494D
:10FB3000F1F719FAF0F7F8FF0120F4F76FFB14481A
:10FB4000007800EB40001349084440780F490978D9
:10FB5000884210D00E480078401E0D4908700846B3
:10FB6000007800EB40000C49084480780B49097884
:10FB700008430A49087006480078401C0449087088
:10FB8000034800780628B5DB0020AEE738000024E3
:10FB90003900002456000024440000243A000024C8
:10FBA000F0B589B006460D4617461C460095002064
:10FBB00001900290082C02D82004039021E00C2C24
:10FBC00003D14FF4102003901BE0102C03D14FF40D
:10FBD0002020039015E0142C03D14FF43020039023
:10FBE0000FE0182C02D1E00303900AE0302C03D17F
:10FBF0004FF46020039004E0402C02D14FF47020B9
:10FC000003900020049005900690079008903A46D3
:10FC100069463046F4F76AFB002009B0F0BD00F0F9
:10FC200055FA03E000F0CAFC01F01AFDFAE730B51E
:10FC300002460B460020002113E0545C6040002483
:10FC40000BE000F0800525B1D52585EA4005E8B236
:10FC500001E04506280E651CECB2082CF1DB4C1CBB
:10FC6000E1B29942E9DB30BD2DE9F84F82468B467F
:10FC700000200646074600240090804621E010E060
:10FC80000098411C00911AF800504FF000092246DC
:10FC900028464946F0F7C9FB06430F4304F1080024
:10FCA000C4B20B2CECDB40F2FF7030402BF8180094
:10FCB000F00A40EA4756FF0AA4F10B00C4B208F16B
:10FCC0000108B8F1100FDADBBDE8F88F2DE9F0413B
:10FCD0002DED028B04460D461646B6F5002F76D163
:10FCE0004A484768287800F00F00A0822878011160
:10FCF000E182A878697840EA0121A161E8780001F1
:10FD0000297940EA2111A1836879297901F00F014D
:10FD100040EA012121621021DFED3D0A9FED3D0AFD
:10FD2000A06901F082FC84ED0B0A0C21F1EE040ABB
:10FD3000B9EE040A206A01F078FC84ED0D0AA87976
:10FD400000EE100AB8EE400A84ED100AE87900EEE1
:10FD5000100AB8EE400A84ED110A9FED2F0AF0EE6A
:10FD6000408A04F10800F2F77FF8F0EE408A94ED43
:10FD70000B0AD4ED040A30EE600AB0EE408A94ED2E
:10FD80000B0A84ED040A9FED220AB4EEC08AF1EE5C
:10FD900010FA0ADD9FED210A38EE400AB0EE408AE3
:10FDA00088EE280A84ED030A16E09FED1A0AB4EEE5
:10FDB000C08AF1EE10FA0BD29FED180A38EE000A55
:10FDC000B0EE408A88EE280A84ED030A04E018E0C9
:10FDD00088EE280A84ED030A94ED030AB7EEC00A00
:10FDE0009FED0F1B20EE010B94ED0C1AB7EEC11A1C
:10FDF0009FED0D2B02EE010BB7EEC00B84ED0C0A4C
:10FE000000BFBDEC028BBDE8F0810000001000E0F7
:10FE1000560E4941560E49C100000000560EC94118
:10FE20009A9999999999E93F9A9999999999C93F74
:10FE300030B503460C461546B5F5002F44D1207861
:10FE400000F00F00988020780111D980A0786178A7
:10FE500040EA01219960E0780001217940EA21110E
:10FE600099816079217901F00F0140EA012119613E
:10FE70001021F2EE090ABAEE090A986801F0D5FBE2
:10FE800083ED070A98890C21F3EE0E0ABBEE0E0AE9
:10FE900001F0CBFB83ED080A0C21F2EE040ABAEE66
:10FEA000040A186901F0C1FB83ED090AA07900EE8C
:10FEB000100AB8EE400A83ED0C0AE07900EE100A51
:10FEC000B8EE400A83ED0D0A30BD000070B5002584
:10FED0004F4800684F49884258D04D4800684D4906
:10FEE0001831884252D04A4800684A493031884225
:10FEF0004CD04748006847494831884246D044487A
:10FF0000006844496031884240D041480068414916
:10FF1000783188423AD03E4800683E499031884264
:10FF200034D03B4800683B49A83188422ED038483D
:10FF300000683949884229D0354800683649183167
:10FF4000884223D0324800683349303188421DD07E
:10FF50002F48006830494831884217D02C48006843
:10FF60002D496031884211D0294800682A497831EA
:10FF700088420BD02648006827499031884205D036
:10FF8000234800682449A831884203D120480068EA
:10FF9000406802E01E4800684068C0F14000C4B2FA
:10FFA0001E48007884420FDD1C480078201AC5B234
:10FFB0001A4B1B78E21A1A4B184E36789919194BBE
:10FFC0001868F0F741FA1AE0144B1B78C3F14002AD
:10FFD000134B124E36789919124B1868F0F734FA11
:10FFE0000E480078C0F140002844C5B20D490968A8
:10FFF000481922460A49F0F727FA2819C5B20748D6
:020000040801F1
:1000000004700848057102F02DFD0649886070BD36
:100010003007002410000240100402407C0100243C
:1000200058840024D88400242DE9FC4106460C465F
:100030001546601987B2FF208DF800008DF8010089
:100040008DF802008DF803008DF804008DF805008E
:100050008DF80600FC208DF8070008236A46394613
:100060003046FFF79DFDBDE8FC81F0EE400AB0EEA2
:10007000E00A7047014671EE602AF0EE621AB0EEB7
:10008000602A30EE423A01208840401E02EE900A7B
:10009000F8EEE22A63EE222A82EEA13AFDEEC32AAE
:1000A00012EE900A70470146BF2901D10020704727
:1000B00040F2E530814201D10120F8E7B1F5E06F6F
:1000C00001D10220F3E70320F1E7000010B59CB056
:1000D00002E0012000F040FE974890F890000028D0
:1000E000F7D0964A07CA19AB07C3944A0C32D2E933
:1000F00000109268CDE917021691904A183207CA8B
:1001000013AB07C38D4A243207CA10AB07C38B4A0F
:10011000303207CA0DAB07C3884A3C3207CA0AAB64
:1001200007C3864A4832D2E900109268CDE9080236
:100130000791824A5432D2E900109268CDE9050253
:1001400004917E4A603207CA01AB07C3F0EE080A89
:100150009FED7B0A19AA01217A48FAF7D9FFF0EE40
:10016000080A9FED770A16AA01217748FAF7D0FF0F
:10017000F0EE080AB2EE0E0A13AA01217348FAF74C
:10018000C7FFF6EE000AB7EE080A10AA0121704870
:10019000FAF7BEFFDFED6F0AB6EE000A0DAA0121E5
:1001A0006D48FAF7B5FFF7EE000AB1EE040A0AAAA5
:1001B00001216A48FAF7ACFFF7EE000AB1EE040A33
:1001C00007AA01216648FAF7A3FFF7EE000AB1EE8D
:1001D000040A04AA01216348FAF79AFFF7EE000A1D
:1001E000B1EE040A01AA01215F48FAF791FFB3EECC
:1001F000020A5E4880ED080AB7EE000A80ED0B0A9D
:10020000B7EE080A80ED0C0A9FED590A80ED0D0A41
:1002100058485949C1F8B80058485949C1F8B80078
:10022000FFF75CF8574B584A5849594800F0B6F860
:1002300000220321504800F0FFF8002204214E481C
:10024000383000F0F9F8002201214B48703002F0FC
:1002500021FB002205214A4800F0EEF80022062189
:100260004748383000F0E8F8002202214448703056
:1002700002F010FB002409E03F48028881884548CD
:10028000FFF7D2FE012000F067FD641C052CF3DBB4
:10029000002409E03848028F818F3E48FFF7C4FEF2
:1002A000012000F059FD641C052CF3DB00240BE059
:1002B0003148B0F87020B0F884103648FFF7B4FE2B
:1002C000012000F049FD641C052CF1DB002409E04D
:1002D0002B48028881882F48FFF7A6FE012000F0F6
:1002E0003BFD641C052CF3DB002409E02448028F4D
:1002F000818F2848FFF798FE012000F02DFD641C37
:10030000052CF3DB00240BE01D48B0F87020B0F89A
:1003100084102048FFF788FE012000F01DFD641CBA
:10032000052CF1DB00201C49087205208872022090
:10033000C8721CB010BD0000D8810024542E0108E2
:10034000000048429C870024E48700242C88002475
:1003500074880024CDCCCC3DBC88002404890024C2
:100360004C89002494890024DC890024F886002428
:10037000CDCC4C3D7008002438850024AC08002406
:10038000188600248C010024608700248401002446
:1003900030870024F8020024908700242DE9F041E2
:1003A00004460D4616461F460F4B062202210F48F3
:1003B000F0F704F92346012206210D48F0F7FEF874
:1003C0002B46012202210B48F0F7F8F833460122B0
:1003D00006210948F0F7F2F83B46012202210748BE
:1003E000F0F7ECF8BDE8F081400800248400002418
:1003F0008C0000249C00002494000024A40000240D
:1004000010B50948094908600020087140220849D0
:100410000848F9F72BFA07480068006840F0100018
:1004200004490968086010BD98840024D884002419
:10043000588400249C0600240280818070470000BC
:1004400030B52DED028B83B004460D46B0EE408AE8
:1004500000200190029094ED010A8DED010A94EDC7
:10046000020A8DED020A95ED000A84ED030A95ED6E
:10047000010A84ED040A9DED010ADDED020A30EE69
:10048000200AF0EE000A80EE201A84ED091A9DED94
:10049000010ADDED020A30EE600AF0EE000A80EE9D
:1004A000201AF0EE418AB0EE680AF0F73FF8D4ED7A
:1004B000000AB1EE001A60EE810A20EE200A84EDF7
:1004C0000D0A95ED000AD5ED010A30EE200AF0EE96
:1004D000000A80EE201A84ED0A1A9DED020ADDED75
:1004E000010A30EE600AF0EE000A80EE201AF0EE0B
:1004F000418AB0EE680AF0F7BDFAD4ED000AB8EE12
:10050000001A60EE810A20EE200AD5ED010A95ED71
:10051000001A70EEC10A20EE200A84ED0E0A94ED56
:100520000A0AD4ED0B0A30EE600AC0EE080AC4EDE8
:100530000C0A94ED0A0A84ED0B0A22E094ED090AF4
:10054000DFED1B0AB4EEE00AF1EE10FA08DD94EDDF
:10055000090ADFED180A30EE600A84ED090A10E09E
:1005600094ED090ADFED140AB4EEE00AF1EE10FA98
:1005700007D294ED090ADFED0F0A30EE200A84ED70
:10058000090A94ED090ADFED0A0AB4EEE00AF1EE79
:1005900010FAD3DC94ED090ADFED070AB4EEE00AA5
:1005A000F1EE10FACAD303B0BDEC028B30BD0000EF
:1005B000DB0F4940DB0FC940DB0F49C046480078DC
:1005C000012877D144484078032803D14348007874
:1005D000414948704048407840490978884212D0E3
:1005E0003D48407818B901203D49087207E03A4873
:1005F0004078022803D13A4908720020C872364870
:100600004078364908703648007A032863D132486A
:1006100090ED030A3348D0ED0B0A20EE200A304853
:1006200080ED000A2C4890ED020AB1EE400A2D48F8
:10063000D0ED0C0A20EE200A294880ED010A407A0C
:1006400058BB2548D0ED050A9FED270A9FED271AD4
:1006500001EE200A234880ED060A1F48D0ED050A66
:100660009FED210A9FED211A01EE200A1D4880ED21
:10067000070A194890ED020ADFED1D0A20EE200A54
:10068000184880ED090A144890ED020ADFED180AB7
:1006900020EE200A134880ED0A0A0F480079154918
:1006A0000978884217D00C48007920B900200C49FD
:1006B000487208E00CE008480079012803D1084995
:1006C000487200208872044800790A49087002E0E4
:1006D00004200349087270472085002494010024F7
:1006E00090870024F88600249A99193E8FC2753DA0
:1006F000920A863F9701002480ED000AC0ED010AAE
:1007000080ED021AF7EE001AC0ED0C1A0449416799
:10071000044981670449C1670449C0F880107047E3
:1007200031070108990701084F07010889B400083B
:1007300001B52DED060B9DE80E00C0E90423C16054
:1007400003A90EC9C0E90723816107B000BD10B538
:100750000446D4ED160AB0EE600AFEF761FEB1EE73
:10076000400A84ED190A94ED181AF0EE410A94ED4E
:10077000171AB0EE410AFEF7EFFE84ED1A0A94ED67
:10078000101AF0EE410A94ED131AB0EE410AFEF78A
:10079000E3FE84ED1B0A10BD10B52DED0A8B044657
:1007A00094ED061A21EE011AD4ED071A94ED072AEA
:1007B00001EE821AD4ED081A94ED082A01EE821A8D
:1007C000B7EEC11AB0EE410BFFF720F8B7EEC00B41
:1007D000B0EE408A94ED060AC0EE080AC4ED060A9F
:1007E00094ED070AC0EE080AC4ED070A94ED080A62
:1007F000C0EE080AC4ED080A94ED070AD4ED180A01
:1008000020EE200AD4ED080A94ED171A00EEC10A72
:10081000B0EE40BA94ED080AD4ED160A20EE200A94
:10082000D4ED060A94ED181A00EEC10AF0EE40BAB3
:1008300094ED060AD4ED170A20EE200AD4ED070A3B
:1008400094ED161A00EEC10AB0EE40CA94ED090A02
:10085000D4ED010A60EE8B0A94ED021A00EE810AD3
:1008600084ED090A94ED0A0AD4ED010A60EEAB0AA0
:1008700094ED021A00EE810A84ED0A0A94ED0B0A47
:10088000D4ED010A60EE8C0A94ED021A00EE810AA2
:1008900084ED0B0A94ED090AD4ED000A00EE8B0AF0
:1008A000D4ED030A30EE200A84ED030A94ED0A0A1F
:1008B000D4ED000A00EEAB0AD4ED040A30EE200AB3
:1008C00084ED040A94ED0B0AD4ED000A00EE8C0AC4
:1008D000D4ED050A30EE200A84ED050A94ED0C0AE9
:1008E000B0EE409A94ED0D0AF0EE409A94ED0E0AA7
:1008F000B0EE40AA94ED0F0AF0EE40AA94ED020A81
:10090000F6EE000A20EE200AF0EE408A94ED030A8B
:10091000F1EE690A20EE200AD4ED040A0AEE600A1C
:10092000D4ED050A0AEEE00AD4ED0C0A40EE280ADE
:10093000C4ED0C0A94ED030A20EE090AD4ED050A71
:100940000AEE200AD4ED040A0AEEE00AD4ED0D0AFC
:1009500040EE280AC4ED0D0A94ED040A20EE090ABF
:10096000D4ED050A09EEE00AD4ED030A0AEEA00A66
:10097000D4ED0E0A40EE280AC4ED0E0A94ED050AE5
:1009800020EE090AD4ED040A09EEA00AD4ED030A08
:100990000AEE600AD4ED0F0A40EE280AC4ED0F0AF1
:1009A00094ED0C1A21EE011AD4ED0D1A94ED0D2AD6
:1009B00001EE821AD4ED0E1A94ED0E2A01EE821A7F
:1009C000D4ED0F1A94ED0F2A01EE821AB7EEC11A78
:1009D000B0EE410BFEF71AFFB7EEC00BB0EE408A47
:1009E00094ED0C0AC0EE080AC4ED0C0A94ED0D0A51
:1009F000C0EE080AC4ED0D0A94ED0E0AC0EE080A16
:100A0000C4ED0E0A94ED0F0AC0EE080AC4ED0F0AF9
:100A10002046D4F880108847BDEC0A8B10BD00003A
:100A2000F4F736FCFAF7A2FEFAF7A2FBF9F770FF2B
:100A3000F9F72AFEFAF726F8F9F750FEF9F78EFED5
:100A4000FAF752F8F9F7CAFEFAF78EF84FF4F07099
:100A5000F1F75AFA00BF00210C48F0F711FA00280C
:100A6000F9D1012251030A48F4F7FAFB012291035C
:100A70000748F4F7F5FBF1F795FBF1F7CBFBF9F736
:100A8000EDFE00F075F900BFFEE70000D804002479
:100A90000008025801460020842901D0CA1C1044D5
:100AA00070470000F0B50B30154D20F00701002411
:100AB000144A0FE003688B420BD38B4205D95E1AB0
:100AC00043184768C3E9006700E04368136002C049
:100AD00004E0021D10680028ECD12046002802D155
:100AE000286808B10020F0BD064A07481060074A90
:100AF000121A22F00702C0E9002401202860D7E77B
:100B0000F0020024EC02002484A7002480A9002421
:100B10002DE9F04F2DED068B83B082460C46B0EEEA
:100B200040AAB0EE608AF0EE418AB0EE619AF0EE33
:100B3000429A1FFA84FB1020B2EE091AFAEE090A53
:100B4000B0EE4A0AFFF796FA85B20C20B3EE0E1A01
:100B5000FBEE0E0AB0EE480AFFF78CFA86B20C20C4
:100B60009FED251ADFED250AB0EE680AFFF782FA3D
:100B700087B20C20B1EE041ADFED200AB0EE490A6C
:100B8000FFF778FA1FFA80F80C20B2EE041AFAEE9A
:100B9000040AB0EE690AFFF76DFA1FFA80F928120D
:100BA0008DF80400E8B28DF80500C6F307108DF843
:100BB00006003007000E40EA27208DF80700F8B243
:100BC0008DF80800C8F307108DF809004FEA087087
:100BD000000E40EA29208DF80A0009F0FF008DF888
:100BE0000B00082301AA59465046FEF7D9FF03B06F
:100BF000BDEC068BBDE8F08F0000FA43000000005A
:100C00002DE9F04F2DED068B83B082460C46B0EEF9
:100C100040AAB0EE608AF0EE418AB0EE619AF0EE42
:100C2000429A1FFA84FB10209FED2F1ADFED2F0A46
:100C3000B0EE4A0AFFF71EFA85B20C209FED2C1A7F
:100C4000DFED2C0AB0EE480AFFF714FA86B20C204A
:100C50009FED291ADFED290AB0EE680AFFF70AFABC
:100C600087B20C20B1EE041ADFED240AB0EE490A77
:100C7000FFF700FA1FFA80F80C20B1EE041AF9EE23
:100C8000040AB0EE690AFFF7F5F91FFA80F9281295
:100C90008DF80400E8B28DF80500C6F307108DF852
:100CA00006003007000E40EA27208DF80700F8B252
:100CB0008DF80800C8F307108DF809004FEA087096
:100CC000000E40EA29208DF80A0009F0FF008DF897
:100CD0000B00082301AA59465046FEF761FF03B0F6
:100CE000BDEC068BBDE8F08F560E4941560E49C14A
:100CF00000004842000048C20000FA430000000023
:100D0000D0ED000AF4EEC00AF1EE10FA02DD80ED3B
:100D1000000A0CE0D0ED000AB1EE401AF4EEC10A70
:100D2000F1EE10FA03D2F1EE400AC0ED000A70476E
:100D300090ED001AB4EEC01AF1EE10FA02DD80ED6B
:100D4000000A08E090ED001AB4EEE01AF1EE10FA95
:100D500001D2C0ED000A704770B5044625460DB1BA
:100D6000294600E00121084601F082FC002070BD08
:100D700010B501F0ABFC002010BDFEB504460D46D9
:100D8000B4F90800FFF786FE064602A8CDE9006028
:100D9000238A9AB22B46D4E9001001F033FE0128D1
:100DA00001D00020FEBD0298FCE700002DE9F041D3
:100DB00005460E461C4807681C480068001D01F0E7
:100DC0005FFB50B91948006890F82C10012088404A
:100DD00017490968814316480160681C38B936B163
:100DE00012480168091D134801F088FB1AE07C19BC
:100DF0000E4800684460BC4207D20C480168091DD7
:100E00000D48006801F060FB0CE008480168091D0E
:100E10000A48006801F058FB09480068844201D282
:100E200007480460BDE8F081C0000024AC00002445
:100E3000C4000024C4090024B4000024B00000242D
:100E4000DC00002410B5044601F064FB2348006870
:100E5000401C224908602248006840B920480460CC
:100E60000846006801280DD100F020F90AE01D486D
:100E7000006838B91A480068C06AE16A884201D837
:100E80001748046018480068401C1749086094F827
:100E90002C1001208840154909680843134908604F
:100EA000E16A01EB8101124A02EB8100211D01F090
:100EB00025FB01F059FB0B48006868B10848006841
:100EC000C06AE16A884207D24FF080500949086041
:100ED000BFF34F8FBFF36F8F10BD0000BC00002425
:100EE000AC000024C8000024D8000024C400002462
:100EF000E808002404ED00E010B516E001F00AFB5C
:100F00000C48C068C468201D01F0BAFA0A4800689D
:100F1000401E0949086009480068401E07490860EA
:100F200001F022FB204600F00BF80448006800287E
:100F3000E4D110BDB0090024BC000024B800002496
:100F400010B50446206B01F02DFB204601F02AFB72
:100F500010BD000030B54FF4F043174800F007040F
:100F60002CB1C01D20F00700134C041B1B1B0246B4
:100F7000124C22600024114D6C60D018083820F00B
:100F800007000F4C206000240D4D2D686C600C4D47
:100F90002D682C601146441A4C60094C24680C6082
:100FA000084D4C682C60084D4C682C604FF0004494
:100FB000064D2C6030BD0000D8090024E800002454
:100FC000F0000024F8000024F400002404010024B0
:100FD00000BFFFF791FF064800680128F9D94FF0DC
:100FE000805004490860BFF34F8FBFF36F8FF0E765
:100FF000E808002404ED00E02DE9FF5F81460E467D
:101000009246DDE90E7B109CAAF10100216B01EBF9
:10101000800828F0070808F0070008B9012000E060
:10102000002050B900BF502080F31188BFF34F8FCC
:10103000BFF36F8F00BF00BFFEE786B1002507E05A
:10104000715D04F134004155705D00B902E06D1C22
:10105000102DF5D300BF00214320015502E00020F0
:1010600084F83400072F00D30627E7626764002066
:10107000A064201D01F025FA04F1180001F021FA06
:101080002461C7F10700A06164620020E06484F875
:10109000500049464046039A00F050F92060BBF1E9
:1010A000000F01D0CBF80040BDE8FF9F10B5002431
:1010B00007E004EB84010F4A02EB810001F0F4F930
:1010C000641C072CF5D30C4801F0EEF90B4801F035
:1010D000EBF90B4801F0E8F90A4801F0E5F90A4894
:1010E00001F0E2F904480949086004480849086029
:1010F00010BD0000E80800247409002488090024B9
:101100009C090024B0090024C4090024B000002474
:10111000B400002410B50146164800E000680368DA
:101120008B42FBD30246436813448B4204D143688D
:101130004C682344436001460A464B6813440468E4
:10114000A34211D10C4C03682468A34208D04B6819
:101150000468646823444B6003681B680B6005E007
:10116000054B1B680B6001E003680B60884200D0F0
:10117000016010BDE8000024F00000240A4909685D
:10118000096809B9012100E0002121B14FF0FF31C8
:10119000064A116006E004490968C968C868034A3C
:1011A0004168116070470000B0000024DC0000249A
:1011B0000E480068401C08B9012000E0002050B92A
:1011C00000BF502080F31188BFF34F8FBFF36F8FA4
:1011D00000BF00BFFEE700BF502080F31188BFF3BF
:1011E0004F8FBFF36F8F00BF00BFFEE708010024E1
:1011F0002DE9F04104464FF0000801F0ABFA4948F0
:10120000006808B9FFF7A6FE47480068204000289C
:1012100070D1D4B1083404F00700B0B104F0070075
:10122000C0F10800044404F0070008B9012000E000
:10123000002050B900BF502080F31188BFF34F8FBA
:10124000BFF36F8F00BF00BFFEE7002C52D03748BE
:10125000006884424ED8364E3046056801E02E467E
:101260002D686868A04202D228680028F7D12D486E
:10127000006885423ED0306800F108082868306078
:101280006868001B102819D92F1907F0070008B942
:10129000012000E0002050B900BF502080F31188E9
:1012A000BFF34F8FBFF36F8F00BF00BFFEE76868CB
:1012B000001B78606C603846FFF72CFF1B4968689C
:1012C0000968081A19490860084600681949096838
:1012D000884203D2154800681649086012496868B8
:1012E0000968084368600020286013480068401CB3
:1012F0001149086001F060FC08F0070008B90120FE
:1013000000E0002050B900BF502080F31188BFF3E7
:101310004F8FBFF36F8F00BF00BFFEE74046BDE8B1
:10132000F0810000F000002404010024F4000024F7
:10133000E8000024F8000024FC000024001F4FF007
:1013400080730360001F21F001030360001F054B41
:10135000036014380260001F6FF00203036020383E
:1013600070470000B11101082DE9F04705460C4611
:1013700016461F463078C82802D00120BDE8F08705
:1013800096F8019009F10200B84201D00220F5E779
:10139000F81EC1B2B01CFEF74AFC8046781E315CD4
:1013A000414501D00320E9E73078287070786870F3
:1013B000B078A8701622F11CE81CEFF745F805F18B
:1013C0001A01E81CFEF750FC781E305C85F83A00E4
:1013D000688CFEF768FE6070A88CFEF764FEA07053
:1013E000E88CFEF760FEE070288DFEF75CFE207151
:1013F000288CAC3800EE100AF8EEC00A9FED531AA4
:1014000080EE810AF6EE000A30EE600AF0EE000A85
:1014100020EE200A84ED020AA88BAC3800EE100AF8
:10142000B8EEC00A9FED491AC0EE010AB6EE000AF6
:1014300030EEC00AF0EE000A20EE200A84ED030A26
:10144000688BAC3800EE100AB8EEC00A9FED3F1A68
:10145000C0EE010AB6EE000A30EEC00AF0EE000A55
:1014600020EE200A84ED040AE88BAC3800EE100A66
:10147000F8EEC00A9FED351A80EE810AF6EE000AFA
:1014800030EE600AF0EE000A20EE200A84ED050A34
:1014900094ED020AB7EEC00AB0EEC00B9FED2C1B14
:1014A000B4EEC10BF1EE10FA03D29FED2B0A84EDDE
:1014B000020A94ED030AB7EEC00AB0EEC00B9FED2E
:1014C000241BB4EEC10BF1EE10FA03D29FED220AF9
:1014D00084ED030A94ED040AB7EEC00AB0EEC00B27
:1014E0009FED1B1BB4EEC10BF1EE10FA03D29FED82
:1014F0001A0A84ED040A94ED050AB7EEC00AB0EEAC
:10150000C00B9FED131BB4EEC10BF1EE10FA03D22A
:101510009FED110A84ED050AB7EE000A04F10800F8
:10152000FFF7EEFBB7EE000A04F10C00FFF7E8FB53
:10153000B7EE000A04F11000FFF7E2FBB7EE000A75
:1015400004F11400FFF7DCFB002017E700E0CC44B7
:101550007B14AE47E17A743F00000000FEF750FFB5
:1015600025E013480379134A13491448FFF7FCFE9A
:10157000044634B90E4803790E4A0F490F48FFF765
:10158000F3FE01F06FFA054601F06CFA084989682C
:10159000401AB0F57A7F03D900200749087002E0AD
:1015A0000120054908700A20FFF7D6FB00BFD8E7E5
:1015B000D88400249884002420850024E484002416
:1015C0002DED020B81B0019800900648064909886C
:1015D00008440099016004480088001D0249088001
:1015E00003B07047248A0024A201002410B500EE45
:1015F000100A2DED028BB1EEC08A18EE100A20F011
:101600000040C0F1FF40C00F0AD010EE100A20F0D9
:101610000040C0F1FF40C00F04BF0120FEF76CF98D
:1016200018EE100ABDEC028B10BDB0EE401A30EE81
:10163000C10AF0EE401AB0EE412A00EE100AB8EEF0
:10164000C00A60EE212A01228A40521E00EE102AB2
:10165000B8EEC03A82EE830A30EE020A704700000C
:1016600000B52DED028B91B000200F9010900D90E1
:101670000E900B900C9009900A90FE4890ED070A8E
:101680008DED0F0A90ED150A8DED100AFA4890EDD8
:10169000070A8DED0D0A90ED150A8DED0E0AF5483D
:1016A00090ED080A8DED0B0A90ED160A8DED0C0AEF
:1016B000F14890ED080A8DED090A90ED160A8DEDBE
:1016C0000A0AEC49D1F8B8000FA9FDF7BBFDEA49B9
:1016D000D1F8B8000DA9FDF7B5FD01F0C3F9E74950
:1016E000086008460068E6490968401A00EE100ADA
:1016F000B8EE400ADFEDE30A80EE201AB0EE418A30
:10170000DC49B0EE480AD1F8B8000BA9FEF798FE04
:10171000D949B0EE480AD1F8B80009A9FEF790FE01
:10172000D448D0F8B80090ED090AD74880ED000AF7
:10173000D048D0F8B80090ED0A0AD34880ED010AED
:10174000D24890ED000ACB48D0ED280AD04890ED61
:101750000D1A10EE810ACC4880ED030ACD4890EDB9
:101760001D0AC94880ED040ACA4890ED050AC6481A
:1017700080ED050AC048D0F8B80090ED090AC648C7
:1017800080ED000ABC48D0F8B80090ED0A0AC248C3
:1017900080ED010ABD4890ED000AB748D0ED280A57
:1017A000BB4890ED0D1A10EE810ABB4880ED030A8C
:1017B000B84890ED1D0AB84880ED040AB54890ED90
:1017C000050AB54880ED050A01F04CF9AB490860FF
:1017D00008460068AA490968401A00EE100AB8EEE7
:1017E000400ADFEDA80A80EE201AB0EE418AAA482E
:1017F00090ED030AA448D0ED030A30EE200AB0EEC3
:10180000001AC0EE010AA44890ED020A00EE880A10
:1018100080ED020A90ED020A9B4880ED020AF8EE84
:10182000000AB0EE000A9C480830FFF781FAF8EE93
:10183000000AB0EE000A94480830FFF779FA002059
:1018400007900890059006900390049001900290F4
:10185000884890ED090A8DED070A90ED170A8DED85
:10186000080A854890ED090A8DED050A90ED170AE2
:101870008DED060A7F4903AAD1F8B80007A9FDF744
:101880003FFD7D4901AAD1F8B80005A9FDF738FD53
:101890009DED030A774880ED360A9DED040A80ED40
:1018A000370A9DED010A744880ED360A9DED020A63
:1018B00080ED370A7548007A01281AD19FED770A22
:1018C0006C4880ED2F0A9FED750A80ED300A9FED80
:1018D000730A80ED310A9FED710A674880ED2F0A87
:1018E0009FED6E0A80ED300A9FED6C0A80ED310AA3
:1018F00021E26648007A02287ED16448C07A18B98D
:1019000001206249C87216E26048C07A012874D189
:101910009FED630A5E4880ED060A9FED610A80ED47
:10192000070A90ED061AF0EE410A5248D0F8B800C6
:1019300090ED0D1AB0EE410A5A48F9F7CBFA544827
:1019400090ED071AF0EE410A4B48D0F8B80090ED40
:101950000D1AB0EE410A5448F9F7BCFA514890ED1F
:10196000080A444880ED330A4F4890ED080A42487F
:1019700080ED330A3F48D0F8B800D0ED090AB0EE48
:10198000600ADFED460A4948F9F7A4FA3A48D0F868
:10199000B800D0ED090AB0EE600ADFED400A444815
:1019A000F9F798FA414890ED080A324880ED320A7A
:1019B0003F4890ED080A304880ED320A2D4901F188
:1019C000C802D1F8B800BC31FDF7CDFC2A4901F1BD
:1019D000C802D1F8B800BC31FDF7C5FC2548D0F8E5
:1019E000B80090ED0D0ADFED330AB4EEE00AF1EE37
:1019F00010FA88D2204801E06CE061E0D0F8B8002D
:101A000090ED0D0ADFED2B0AB4EEE00AF1EE10FACC
:101A1000EFD21848D0F8B80090ED090AB7EEC00A26
:101A2000B0EEC00B9FED241BB4EEC10BF1EE10FA2B
:101A3000DFD21148D0F8B80090ED090AB7EEC00A1D
:101A4000B0EEC00B9FED1C1BB4EEC10BF1EE10FA13
:101A5000CFD202200D49C8721248F9F733FB124861
:101A6000F9F730FB1148F9F72DFB1148F9F72AFB7C
:101A700061E1000038850024188600249C010024C0
:101A80009801002400007A443087002490870024C5
:101A9000F8860024D881002460870024000000001C
:101AA000CDCCCC3DE48700249C870024048900240D
:101AB0004C890024B81E053E000000A09999B93F4A
:101AC000FE48C07A0228D3D10320FC4908720020C6
:101AD0004872E7E3F948007A03287DD1F748407A55
:101AE00000287AD11FED130AF54880ED310A1FED69
:101AF000150A80ED2F0A1FED170A80ED300A1FED41
:101B0000190A80ED320A1FED1B0A80ED330A1FED22
:101B10001D0AEC4880ED310A1FED200A80ED2F0AE6
:101B20001FED220A80ED300A1FED240A80ED320AF3
:101B30001FED260A80ED330AE148D0F8B800D0ED59
:101B4000090AE048D0F8B80090ED091A70EEC10A11
:101B5000B0EE600A5FED2F0ADB48F9F7BBF9D84811
:101B600090ED320AD848D0ED080A30EE200AD44869
:101B700080ED320AD34890ED320AD348D0ED080AFE
:101B800030EE600ACF4880ED320AD048D0ED1C0A12
:101B9000B0EE600A5FED3F0ACD48F9F79BF9CD48FA
:101BA00090ED060ACA48D0ED080A30EE200AC9486E
:101BB00080ED060A90ED070AC548D0ED080A30EE20
:101BC000600AC44880ED070A5FED4B0A9FEDC20A28
:101BD0001830FFF7ADF801E04AE3ADE05FED500AE1
:101BE0009FEDBD0ABB481C30FFF7A2F8B94890ED45
:101BF000061AF0EE410AB248D0F8B80090ED0D1A7E
:101C0000B0EE410AB548F9F765F9B24890ED071A08
:101C1000F0EE410AAB48D0F8B80090ED0D1AB0EEE6
:101C2000410AAF48F9F756F9AC4890ED080AA948BF
:101C3000D0ED080A30EE200AA14880ED330AA8480A
:101C400090ED080AA348D0ED080A30EE200A9D481E
:101C500080ED330A994890ED011AF0EE410A9B4855
:101C600090ED061AB0EE410A9E48F9F733F9944810
:101C700090ED310A9B48D0ED080A30EE600A90489A
:101C800080ED310A8F4890ED310A9648D0ED080A70
:101C900030EE200A8B4880ED310A8948D0F8B80030
:101CA000D0ED0D0AB0EE600A0020F8F785FB8448FD
:101CB00090ED310A8C48D0ED000A30EE200A8048C1
:101CC00080ED310A90ED320A8748D0ED010A30EEFE
:101CD000200A7B4880ED320A7A48D0F8B800D0ED6F
:101CE0000D0AB0EE600A0120F8F766FB754890ED2A
:101CF000310A7E48D0ED000A30EE200A714880EDAE
:101D0000310A90ED320A7948D0ED010A30EE200A0E
:101D10006C4880ED320A6A4901F1C802D1F8B80076
:101D2000BC31FDF720FB674901F1C802D1F8B800CA
:101D3000BC31FDF718FBB5E26048407A0128FAD1C2
:101D40005E48807A00287DD11FEDAB0A614880EDA6
:101D5000060A1FEDAD0A80ED070A90ED061AF0EEB7
:101D6000410A5748D0F8B80090ED0D1AB0EE410A7C
:101D70005A48F9F7AFF8574890ED071AF0EE410AC4
:101D80005048D0F8B80090ED0D1AB0EE410A544812
:101D9000F9F7A0F8514890ED080A4E48D0ED080A2E
:101DA00030EE200A464880ED330A4D4890ED080A8F
:101DB0004848D0ED080A30EE200A424880ED330A48
:101DC0003F48D0F8B800D0ED090AB0EE600A5FEDE8
:101DD000CD0A4748F9F77EF83A48D0F8B800D0ED78
:101DE000090AB0EE600A5FEDD30A4248F9F772F8CB
:101DF0003F4890ED080A324880ED320A3D4890EDA8
:101E0000080A304880ED320A2D4901F1C802D1F8A4
:101E1000B800BC31FDF7A7FA2A4901F1C802D1F890
:101E2000B800BC31FDF79FFA2548D0F8B80090ED16
:101E30000D0A5FEDE00AB4EEE00AF1EE10FA3CD2D2
:101E4000204800E058E0D0F8B80090ED0D0A5FEDB2
:101E5000E70AB4EEE00AF1EE10FAF0D21848D0F832
:101E6000B80090ED090AB7EEC00AB0EEC00B1FED46
:101E7000EE1BB4EEC10BF1EE10FAE0D21148D0F82F
:101E8000B80090ED090AB7EEC00AB0EEC00B1FED26
:101E9000F61BB4EEC10BF1EE10FAD0D201200749C7
:101EA00088720E48F9F70EF90D48F9F70BF910484A
:101EB000F9F708F90F48F9F705F9CEE19087002402
:101EC00038850024188600242C880024D88100241A
:101ED000BC880024F8860024CDCC4C3EE487002446
:101EE0009C87002474880024840100248C01002431
:101EF000048900244C890024FE48807A01285FD19F
:101F00009FEDFD0AFD4880ED330A9FEDFB0AFC487A
:101F100080ED330AF948D0F8B800D0ED090AB0EEE8
:101F2000600ADFEDF80AF848F8F7D4FFF448D0F873
:101F3000B800D0ED090AB0EE600ADFEDF20AF3480E
:101F4000F8F7C8FFF04890ED080AEC4880ED320A37
:101F5000EE4890ED080AEA4880ED320AE74901F1BF
:101F6000C802D1F8B800BC31FDF7FDF9E44901F130
:101F7000C802D1F8B800BC31FDF7F5F9DF48D0F858
:101F8000B80090ED0D0A5FED2C0AB4EEE00AF1EE18
:101F900010FA92DDDA48D0F8B80090ED0D0A5FED46
:101FA000320AB4EEE00AF1EE10FA86DD0220D149E1
:101FB0008872D548F9F786F8D448F9F783F84CE1E8
:101FC000CC48807A02287DD19FEDD10AD14880ED9E
:101FD000060A9FEDCF0A80ED070A90ED061AF0EE93
:101FE000410AC648D0F8B80090ED0D1AB0EE410A8B
:101FF000C948F8F76FFFC74890ED071AF0EE410A9D
:10200000BF48D0F8B80090ED0D1AB0EE410AC348B1
:10201000F8F760FFC04890ED080ABE48D0ED080A06
:1020200030EE600AB54880ED330ABC4890ED080AEE
:10203000B848D0ED080A30EE600AB14880ED330AA6
:10204000AE48D0F8B800D0ED090AB0EE600ADFED76
:10205000AD0AAD48F8F73EFFA948D0F8B800D0ED7A
:10206000090AB0EE600ADFEDA70AA848F8F732FFC8
:10207000A54890ED080AA14880ED320AA34890EDEA
:10208000080A9F4880ED320A9C4901F1C802D1F844
:10209000B800BC31FDF767F9994901F1C802D1F8E0
:1020A000B800BC31FDF75FF99448D0F8B80090ED66
:1020B0000D0ADFED9B0AB4EEE00AF1EE10FA3CD215
:1020C0008F4800E03AE0D0F8B80090ED0D0ADFED5F
:1020D000940AB4EEE00AF1EE10FA2ED28748D0F856
:1020E000B80090ED090AB7EEC00AB0EEC00B9FED44
:1020F0008D1BB4EEC10BF1EE10FA1ED28048D0F861
:10210000B80090ED090AB7EEC00AB0EEC00B9FED23
:10211000851BB4EEC10BF1EE10FA0ED20320754907
:1021200088727D48F8F7CEFF7C48F8F7CBFF7648F9
:10213000F8F7C8FF7548F8F7C5FF8EE06D48807A5C
:1021400003287DD11FED9C0A724880ED060A1FED21
:102150009E0A80ED070A90ED061AF0EE410A6748E4
:10216000D0F8B80090ED0D1AB0EE410A6A48F8F7C1
:10217000B1FE684890ED071AF0EE410A6048D0F8C9
:10218000B80090ED0D1AB0EE410A6448F8F7A2FECF
:10219000614890ED080A5F48D0ED080A30EE200A49
:1021A000564880ED330A5D4890ED080A5948D0ED55
:1021B000080A30EE200A524880ED330A4F48D0F822
:1021C000B800D0ED090AB0EE600ADFED4E0A4E48C5
:1021D000F8F780FE4A48D0F8B800D0ED090AB0EE12
:1021E000600ADFED480A4948F8F774FE464890ED6A
:1021F000080A424880ED320A444890ED080A4048F7
:1022000080ED320A3D4901F1C802D1F8B800BC3175
:10221000FDF7A9F83A4901F1C802D1F8B800BC317C
:10222000FDF7A1F8354890ED370AF2EE0E0AB4EE4C
:10223000E00AF1EE10FA10DD314890ED370A00E0C7
:102240000BE0F2EE0E0AB4EEE00AF1EE10FA04DD55
:10225000002028494872052088729FED2A0A2748E5
:1022600080ED310A9FED270A254880ED310A19E0FB
:102270009FED240A214880ED2F0A9FED220A80ED70
:10228000300A9FED200A80ED310A9FED1E0A1C489E
:1022900080ED2F0A9FED1B0A80ED300A9FED190A91
:1022A00080ED310A164890ED2F0AB1EE400A80ED1C
:1022B0002F0A90ED300AB1EE400A80ED300A90ED21
:1022C000310AB1EE400A80ED310AFAEE040AB2EEAC
:1022D000040A0A48BC30FEF72BFDFAEE040AB2EEFF
:1022E000040A0648C030FEF723FDF8EE040AB0EEFB
:1022F000040A1BE0908700240000C84238850024AF
:102300001886002400000000048900244C89002461
:10231000CDCCCC3DF8860024E48700249C870024A3
:10232000B81E053E000000A09999B93F4F48FEF73E
:10233000FFFCFAEE040AB2EE040A4D48FEF7F8FC80
:10234000FAEE040AB2EE040A4948001DFEF7F0FC5A
:10235000F8EE040AB0EE040A45480830FEF7E8FC3F
:102360004248C43890ED2F0AB0EE402A5FED1B1AA8
:102370001FED1C1A5FED1D0A1FED1E0A03213D48CB
:10238000FEF7C6FB0120FEF7E7FC3848C43890EDA5
:10239000300AB0EE402A5FED251A1FED261A5FEDD8
:1023A000270A1FED280A04213248FEF7B1FB01205D
:1023B000FEF7D2FC2D48C43890ED310AB0EE402A29
:1023C0005FED301A1FED311A5FED320A1FED330A4F
:1023D00001212848FEF714FC0120FEF7BDFC24482B
:1023E000BC3890ED2F0AB0EE402A5FED3A1A1FED8F
:1023F0003B1A5FED3C0A1FED3D0A05211D48FEF723
:1024000087FB0120FEF7A8FC1948BC3890ED300A84
:10241000B0EE402A5FED451A1FED461A5FED470A00
:102420001FED480A06211348FEF772FB0120FEF754
:1024300093FC0F48BC3890ED310AB0EE402A5FEDB6
:102440004F1A1FED501A5FED510A1FED520A02217B
:102450000848FEF7D5FB0120FEF77EFC0648006821
:102460000649086011B0BDEC028B00BDFC8500245C
:10247000D4860024F80200249C0100249801002442
:1024800001460A69D1E901309860D1E90103586039
:102490005068884201D18868506000200861106847
:1024A000401E10601068704700F1080141604FF055
:1024B000FF31816000F10801C1600161002101600C
:1024C000704700210161704710B502460B685C1C23
:1024D0000CB9106907E002F1080000E040684468A8
:1024E00024689C42FAD944684C604C68A1608860BA
:1024F00041600A611468641C146010BD42684A603F
:1025000093688B60936859609160086103685B1CF5
:102510000360704700BF502080F31188BFF34F8FD6
:10252000BFF36F8F00BF0E480068401C0C49086065
:1025300008460068012812D10A480068C0B208B9EC
:10254000012000E0002050B900BF502080F3118826
:10255000BFF34F8FBFF36F8F00BF00BFFEE7704721
:102560000801002404ED00E00D48006850B900BFE8
:10257000502080F31188BFF34F8FBFF36F8F00BFE0
:1025800000BFFEE706480068401E0549086008468F
:10259000006820B9002080F3118800BF00BF704799
:1025A0000801002470B506463546002E44D0083D8B
:1025B0002C46224960680968084008B1012000E003
:1025C000002050B900BF502080F31188BFF34F8F17
:1025D000BFF36F8F00BF00BFFEE7206808B901207E
:1025E00000E0002050B900BF502080F31188BFF3F5
:1025F0004F8FBFF36F8F00BF00BFFEE70F496068CA
:1026000009680840C0B12068B0B90C496068096821
:102610008843606000F09EF80949606809680844D2
:10262000074908602046FEF775FD06480068401C13
:102630000449086000F0C0FA70BD000004010024E5
:10264000F40000240001002400204FF0E021086184
:102650008861064800684FF47A71B0FBF1F0401EC3
:102660004FF0E021486107200861704728000024EE
:1026700070B504460025D4B11248006808B901209D
:1026800000E0002050B900BF502080F31188BFF354
:102690004F8FBFF36F8F00BF00BFFEE700F05AF807
:1026A00000212046FEF782FB00F086FA05463DB980
:1026B0004FF0805004490860BFF34F8FBFF36F8F16
:1026C00070BD0000E400002404ED00E01CB51A48D1
:1026D00000210B468022CDE9001018A1194800F016
:1026E00091F90446012C15D100BF502080F31188C8
:1026F000BFF34F8FBFF36F8F00BF4FF0FF30124912
:10270000086001201149086000201149086000F0AC
:10271000C5F810E0601C08B1012000E0002050B9AD
:1027200000BF502080F31188BFF34F8FBFF36F8F2E
:1027300000BF00BFFEE71CBDE000002449444C453B
:1027400000000000D10F0108DC000024C8000024B4
:10275000C000002402480068401C0149086070471E
:10276000E40000241D48006818B101201C490860DD
:1027700032E000201A4908601A480068B0FA80F078
:10278000C0F11F0101EB8100174A52F8200008B187
:10279000012000E0002050B900BF502080F31188D4
:1027A000BFF34F8FBFF36F8F00BF00BFFEE701EB9A
:1027B00081020D4B03EB820042685268426000F1D7
:1027C00008024368934202D14268526842604268FC
:1027D000D268064B1A6000BF70470000E400002476
:1027E000D0000024C4000024E8080024AC00002429
:1027F00010B50021144802880088401C124B188034
:10280000124881540022184601880088401C188014
:102810000E4842548021184602880088401C1880C7
:102820000A4881547F22184601880088401C18807D
:1028300006484254184601880448EEF7B7FC0020C9
:102840000149088010BD0000A2010024248A002450
:1028500070470000FFF7FCFF19E00D48D0ED270A94
:10286000B0EE600AFEF7ACFE0948D0ED200AB0EEEB
:10287000600AFEF7A5FE0648D0ED280AB0EE600A11
:10288000FEF79EFEFFF7B4FF0220FEF765FAE4E7CD
:102890003885002402808182704700001CB55248B0
:1028A00000685249884201D0012000E0002050B960
:1028B00000BF502080F31188BFF34F8FBFF36F8F9D
:1028C00000BF00BFFEE7484800684849491E8842EB
:1028D00001D0012000E0002050B900BF502080F35B
:1028E0001188BFF34F8FBFF36F8F00BF00BFFEE7AC
:1028F0003F49084600780190FF200A4610700846BC
:10290000007800909DF8000000F0F0009DF8002095
:10291000904201D1012000E0002050B900BF5020BA
:1029200080F31188BFF34F8FBFF36F8F00BF00BFDD
:10293000FEE79DF8000000F050002E4A10700720BE
:102940002D4A106009E02C480068401E2A4A106099
:102950009DF800004006000E00909DF8000000F079
:1029600080008028EFD024480068C0F107000428C8
:1029700001D1012000E0002050B900BF502080F3B9
:102980001188BFF34F8FBFF36F8F00BF00BFFEE70B
:10299000194800680002184A10601046008800F4C8
:1029A000E0601060124A019810700F4820300068F3
:1029B00040F470000C49203108600846006840F07F
:1029C00070400860FFF740FE00200C490860EDF7FA
:1029D000ADFC0B48006840F0404009490860EDF745
:1029E00091FC00201CBD000000ED00E071C20F4111
:1029F00000E400E00C010024100100240801002480
:102A000034EF00E02DE9FF4F85B080468946174638
:102A1000DDE912ABB800FEF7EBFB064656B15420D9
:102A2000FEF7E6FB04460CB1266304E03046FFF7F0
:102A3000B9FD00E000247CB10020CDE900ABCDE978
:102A400002403A4649464046089BFEF7D5FA2046E2
:102A5000FEF7F8F9012501E04FF0FF35284609B0EF
:102A6000BDE8F08F0149086870470000C0000024ED
:102A70002DE9F0414FF000084448006800287CD15F
:102A800043480068451C4248056015BB4148006842
:102A9000006808B9012000E0002050B900BF5020B4
:102AA00080F31188BFF34F8FBFF36F8F00BF00BF5C
:102AB000FEE73848076838480068364908603648F5
:102AC000076036480068401C34490860FEF756FB32
:102AD00000BF3348006885423CD300BF2D480068E2
:102AE000006808B9012000E0002020B14FF0FF305D
:102AF0002B4908602DE027480068C068C4686668F4
:102B0000B54202D22648066023E0201DFFF7B8FC3C
:102B1000A06A18B104F11800FFF7B2FC94F82C1069
:102B2000012088401F49096808431E490860E16A7E
:102B300001EB81011C4A02EB8100211DFFF7DEFC45
:102B40001A49E06A0968C96A8842C7D34FF0010888
:102B5000C4E700BF15480068C06A00EB8000124956
:102B600051F82000012801D94FF0010810480068F1
:102B700008B14FF0010805E0FFE70E480068401C6F
:102B80000C4908604046BDE8F0810000E4000024E4
:102B9000C0000024B0000024B4000024D4000024AD
:102BA000DC000024C4000024E8080024AC00002459
:102BB000D0000024CC00002470B500240026364844
:102BC000006850B900BF502080F31188BFF34F8FC9
:102BD000BFF36F8F00BF00BFFEE7FFF79BFC2E48DF
:102BE0000068401E2C4908600846006800284FD144
:102BF0002A48006800284BD024E02948C068C468EF
:102C000004F11800FFF73CFC201DFFF739FC94F895
:102C10002C10012088402349096808432149086095
:102C2000E16A01EB8101204A02EB8100211DFFF7DF
:102C300065FC1E49E06A0968C96A884202D301201E
:102C40001B4908601648006808B9012000E0002010
:102C50000028D2D00CB1FEF791FA1648056865B18C
:102C600000BFFFF705FF10B10120114908606D1E7C
:102C7000002DF6D100200F4908600D48006838B1DA
:102C8000012630070C490860BFF34F8FBFF36F8FE9
:102C9000FFF76AFC304670BDE4000024BC0000244D
:102CA0009C090024C4000024E8080024AC0000248F
:102CB000D0000024CC00002404ED00E070B50446F0
:102CC0000223002219462046F6F7F0FF04F580742F
:102CD0001249A06891E82C00C96880E82C00C16006
:102CE0000F492068D1E901530A68C968C0E9015356
:102CF0000260C1600B4D206AD5E901132A68ED68B6
:102D0000061D2AC60260084D636A27CD27C3A36942
:102D1000A4F58074054D27CD27C370BD3001002474
:102D2000400100245001002460010024442E0108C9
:102D3000082F010829B7000800000000000000006B
:102D400080000000EC2E0108099900080300000033
:102D50000000000000020000CC2E01082DAC00088D
:102D6000020000000000000000020000F82E010830
:102D700081B4000801000000000000000001000014
:102D8000DC2E0108591800080100000000000000B6
:102D900000040000C02E0108B9F30008FEFF000087
:102DA000000000008000000000061016000610164B
:102DB0000001020304050607080C10141820304017
:102DC0000000000000000000000000000000000003
:102DD00000000000010000000200000003000000ED
:102DE00004000000000000000500000000000000DA
:102DF00000000000000000000600000000000000CD
:102E000000000000000000000700000001000200B8
:102E10000400060008000A000C001000200040001A
:102E20008000000101010103070100000804020401
:102E30000801010100000000010203040102030473
:102E4000060708090000803F0000000000000000A5
:102E50000000803F000048440000803F0000000068
:102E6000000096440000803F000000000000004188
:102E7000000000000000003F0000003F0AD7233C94
:102E8000000000009A99193E0000000000000000B8
:102E90000000E040CDCCCC3DCDCCCC3D0000E040AE
:102EA000CDCCCC3DCDCCCC3D00002041000000007D
:102EB0000000803F00002041000000000000803F33
:102EC000564F46415F5441534B0000004F4253451B
:102ED0005256455F5441534B000000004348415354
:102EE0005349535F5441534B00000000494E535F18
:102EF0005441534B0000000052454D4F54455F4331
:102F00004F4E54524F4C5F0064656661756C74544B
:102F100061736B0000000000920E493CB10AC93C8D
:102F20002BC3163D2EFB483D752B7B3D04A9963DDA
:102F300080B6AF3D36BDC83D2FBCE13D73B2FA3D12
:102F400087CF093E8340163EB5AB223EA2102F3EEE
:102F5000CF6E3B3EC2C5473E0115543E135C603EFA
:102F60007F9A6C3ECCCF783EC07D823E938E883E69
:102F7000229A8E3E32A0943E86A09A3EE59AA03ECA
:102F8000128FA63ED47CAC3EEF63B23E2A44B83EDC
:102F9000491DBE3E15EFC33E53B9C93ECA7BCF3E65
:102FA0004136D53E80E8DA3E4F92E03E7533E63E4C
:102FB000BBCBEB3EEA5AF13ECBE0F63E275DFC3E52
:102FC000E4E7003F3D9C033F824B063F9BF5083FF3
:102FD0006B9A0B3FDA390E3FCDD3103F2A68133F6F
:102FE000D9F6153FC07F183FC6021B3FD17F1D3F5A
:102FF000CBF61F3F9967223F25D2243F5636273F05
:103000001594293F4AEB2B3FDE3B2E3FBB85303FDB
:10301000C9C8323FF304353F233A373F4268393F4E
:103020003B8F3B3FF9AE3D3F67C73F3F70D8413FC5
:1030300001E2433F03E4453F65DE473F12D1493F8C
:10304000F8BB4B3F029F4D3F207A4F3F3D4D513FD4
:103050004918533F31DB543FE595563F5348583F9D
:103060006AF2593F1A945B3F532D5D3F05BE5E3FA8
:103070002146603F97C5613F5A3C633F59AA643F70
:10308000880F663FD86B673F3CBF683FA7096A3F20
:103090000C4B6B3F5E836C3F93B26D3F9ED86E3F8F
:1030A00073F56F3F0809713F5213723F4714733F26
:1030B000DD0B743F0BFA743FC6DE753F07BA763FEF
:1030C000C58B773FF853783F9812793F9DC7793F7A
:1030D00002737A3FBE147B3FCDAC7B3F283B7C3FE5
:1030E000C9BF7C3FAC3A7D3FCCAB7D3F23137E3FD5
:1030F000B0707E3F6DC47E3F580E7F3F6D4E7F3F68
:10310000AB847F3F0FB17F3F97D37F3F43EC7F3F3F
:1031100011FB7F3F0000803F11FB7F3F43EC7F3F6F
:1031200097D37F3F0FB17F3FAB847F3F6D4E7F3F93
:10313000580E7F3F6DC47E3FB0707E3F23137E3FAD
:10314000CCAB7D3FAC3A7D3FC9BF7C3F283B7C3F49
:10315000CDAC7B3FBE147B3F02737A3F9DC7793F66
:103160009812793FF853783FC58B773F07BA763F7F
:10317000C6DE753F0BFA743FDD0B743F4714733F97
:103180005213723F0809713F73F56F3F9ED86E3F2F
:1031900093B26D3F5E836C3F0C4B6B3FA7096A3F58
:1031A0003CBF683FD86B673F880F663F59AA643FB2
:1031B0005A3C633F97C5613F2146603F05BE5E3F75
:1031C000532D5D3F1A945B3F6AF2593F5348583F75
:1031D000E595563F31DB543F4918533F3D4D513F34
:1031E000207A4F3F029F4D3FF8BB4B3F12D1493FE2
:1031F00065DE473F03E4453F01E2433F70D8413F6E
:1032000067C73F3FF9AE3D3F3B8F3B3F4268393F89
:10321000233A373FF304353FC9C8323FBB85303FBF
:10322000DE3B2E3F4AEB2B3F1594293F5636273F76
:1032300025D2243F9967223FCBF61F3FD17F1D3F08
:10324000C6021B3FC07F183FD9F6153F2A68133FBF
:10325000CDD3103FDA390E3F6B9A0B3F9BF5083FF9
:10326000824B063F3D9C033FE4E7003F275DFC3E69
:10327000CBE0F63EEA5AF13EBBCBEB3E7533E63E81
:103280004F92E03E80E8DA3E4136D53ECA7BCF3EE3
:1032900053B9C93E15EFC33E491DBE3E2A44B83E50
:1032A000EF63B23ED47CAC3E128FA63EE59AA03EC0
:1032B00086A09A3E32A0943E229A8E3E938E883EFD
:1032C000C07D823ECCCF783E7F9A6C3E135C603EE0
:1032D0000115543EC2C5473ECF6E3B3EA2102F3E65
:1032E000B5AB223E8340163E87CF093E73B2FA3D0E
:1032F0002FBCE13D36BDC83D80B6AF3D04A9963D2B
:10330000752B7B3D2EFB483D2BC3163DB10AC93CB6
:10331000920E493C00000000920E49BCB10AC9BCA3
:103320002BC316BD2EFB48BD752B7BBD04A996BDD6
:1033300080B6AFBD36BDC8BD2FBCE1BD73B2FABD0E
:1033400087CF09BE834016BEB5AB22BEA2102FBEEA
:10335000CF6E3BBEC2C547BE011554BE135C60BEF6
:103360007F9A6CBECCCF78BEC07D82BE938E88BE65
:10337000229A8EBE32A094BE86A09ABEE59AA0BEC6
:10338000128FA6BED47CACBEEF63B2BE2A44B8BED8
:10339000491DBEBE15EFC3BE53B9C9BECA7BCFBE61
:1033A0004136D5BE80E8DABE4F92E0BE7533E6BE48
:1033B000BBCBEBBEEA5AF1BECBE0F6BE275DFCBE4E
:1033C000E4E700BF3D9C03BF824B06BF9BF508BFEF
:1033D0006B9A0BBFDA390EBFCDD310BF2A6813BF6B
:1033E000D9F615BFC07F18BFC6021BBFD17F1DBF56
:1033F000CBF61FBF996722BF25D224BF563627BF01
:10340000159429BF4AEB2BBFDE3B2EBFBB8530BFD7
:10341000C9C832BFF30435BF233A37BF426839BF4A
:103420003B8F3BBFF9AE3DBF67C73FBF70D841BFC1
:1034300001E243BF03E445BF65DE47BF12D149BF88
:10344000F8BB4BBF029F4DBF207A4FBF3D4D51BFD0
:10345000491853BF31DB54BFE59556BF534858BF99
:103460006AF259BF1A945BBF532D5DBF05BE5EBFA4
:10347000214660BF97C561BF5A3C63BF59AA64BF6C
:10348000880F66BFD86B67BF3CBF68BFA7096ABF1C
:103490000C4B6BBF5E836CBF93B26DBF9ED86EBF8B
:1034A00073F56FBF080971BF521372BF471473BF22
:1034B000DD0B74BF0BFA74BFC6DE75BF07BA76BFEB
:1034C000C58B77BFF85378BF981279BF9DC779BF76
:1034D00002737ABFBE147BBFCDAC7BBF283B7CBFE1
:1034E000C9BF7CBFAC3A7DBFCCAB7DBF23137EBFD1
:1034F000B0707EBF6DC47EBF580E7FBF6D4E7FBF64
:10350000AB847FBF0FB17FBF97D37FBF43EC7FBF3B
:1035100011FB7FBF000080BF11FB7FBF43EC7FBF6B
:1035200097D37FBF0FB17FBFAB847FBF6D4E7FBF8F
:10353000580E7FBF6DC47EBFB0707EBF23137EBFA9
:10354000CCAB7DBFAC3A7DBFC9BF7CBF283B7CBF45
:10355000CDAC7BBFBE147BBF02737ABF9DC779BF62
:10356000981279BFF85378BFC58B77BF07BA76BF7B
:10357000C6DE75BF0BFA74BFDD0B74BF471473BF93
:10358000521372BF080971BF73F56FBF9ED86EBF2B
:1035900093B26DBF5E836CBF0C4B6BBFA7096ABF54
:1035A0003CBF68BFD86B67BF880F66BF59AA64BFAE
:1035B0005A3C63BF97C561BF214660BF05BE5EBF71
:1035C000532D5DBF1A945BBF6AF259BF534858BF71
:1035D000E59556BF31DB54BF491853BF3D4D51BF30
:1035E000207A4FBF029F4DBFF8BB4BBF12D149BFDE
:1035F00065DE47BF03E445BF01E243BF70D841BF6A
:1036000067C73FBFF9AE3DBF3B8F3BBF426839BF85
:10361000233A37BFF30435BFC9C832BFBB8530BFBB
:10362000DE3B2EBF4AEB2BBF159429BF563627BF72
:1036300025D224BF996722BFCBF61FBFD17F1DBF04
:10364000C6021BBFC07F18BFD9F615BF2A6813BFBB
:10365000CDD310BFDA390EBF6B9A0BBF9BF508BFF5
:10366000824B06BF3D9C03BFE4E700BF275DFCBE65
:10367000CBE0F6BEEA5AF1BEBBCBEBBE7533E6BE7D
:103680004F92E0BE80E8DABE4136D5BECA7BCFBEDF
:1036900053B9C9BE15EFC3BE491DBEBE2A44B8BE4C
:1036A000EF63B2BED47CACBE128FA6BEE59AA0BEBC
:1036B00086A09ABE32A094BE229A8EBE938E88BEF9
:1036C000C07D82BECCCF78BE7F9A6CBE135C60BEDC
:1036D000011554BEC2C547BECF6E3BBEA2102FBE61
:1036E000B5AB22BE834016BE87CF09BE73B2FABD0A
:1036F0002FBCE1BD36BDC8BD80B6AFBD04A996BD27
:10370000752B7BBD2EFB48BD2BC316BDB10AC9BCB2
:10371000920E49BC000000803837010800000024E8
:10372000F8020000D40400085C380108F802002404
:1037300088AE0000E8F800080120321042012C9009
:10374000D0030480093333EB3A58A08B3A291C1577
:103750007D04017C100F0240AB03410105530806B4
:103760005804070F160810810911160A15800B1648
:10377000450C18010D0598701770171AAA01011051
:103780000512C3F51C416F803FA69B443B0C4904C6
:10379000891C091010A34843890C022B030540C360
:1037A000F5C84013B1D51B08F9041309D61B083519
:1037B000041A75041A7D101AC1044113120114026F
:1037C0000202164083044057260201020301140539
:1037D0000F0C1C01071017210E19040309041AB558
:1037E0001361111B085B041A17041A85041AA1043B
:1037F00041130A06293F1A404F11138DCC14088932
:10380000CA4C08D7CE1C1B5DCB8412C91B084114BF
:10381000C11A01281ABD1C1A49081AAD081C090250
:103820004393111DC03209041D1A020B13052416FF
:10383000100105240118090104240202052406A828
:1038400015058203081C100904C9320A2E07050158
:0C3850000240072A8107E4810182000089
:04000005080002CD20
:00000001FF
